{
  "format_version": "1.8.0",
  "minecraft:client_entity": {
    "description": {
      "identifier": "minecraft:allay",
      "materials": {
        "default": "allay",

        "allay_glow": "entity_emissive",
        "allay_glow2": "entity_glow_status"
      },
      "textures": {
        "default": "textures/entity/allay/allay",

        "glowing_texture": "textures/entity/mob_glowing_effect/glow_highlight"
      },
      "geometry": {
        "default": "geometry.allay",

        "allay_glow": "geometry.allay_glow"
      },
      "spawn_egg": {
        "base_color": "#00daff",
        "overlay_color": "#00adff"
      },
      "scripts": {
        "pre_animation": [
          "variable.holding_trident = query.is_item_name_any('slot.weapon.mainhand', 'minecraft:trident');"
        ]
      },
      "animations": {
        "idle": "animation.allay.idle",
        "fly": "animation.allay.fly",
        "hold_item": "animation.allay.hold_item",
        "dance": "animation.allay.dance",
        "hold_item_fly": "animation.allay.hold_item_fly",
        "look_at_target_default": "animation.allay.look_at_target.default"
      },
      "animation_controllers": [
        {
          "general": "controller.animation.allay.general"
        },
        {
          "look_at_target": "controller.animation.allay.look_at_target"
        },
        {
          "holding": "controller.animation.allay.holding"
        },
        {
          "dancing": "controller.animation.allay.dancing"
        }
      ],
      "render_controllers": [
        "controller.render.allay",
        "controller.render.allay_glow",
        "controller.render.allay_glow2"
      ],
      "enable_attachables": true,
      "held_item_ignores_lighting": true
    }
  }
}