{
  "format_version": "1.8.0",
  "minecraft:client_entity": {
    "description": {
      "identifier": "minecraft:blaze",
      "min_engine_version": "1.8.0",
      "materials": {
        "body": "blaze_head",
        "head": "blaze_head",

        "blaze_glow": "entity_emissive",
        "blaze_glow2": "entity_glow_status"
      },
      "textures": {
        "default": "textures/entity/blaze",

        "glowing_texture": "textures/entity/mob_glowing_effect/glow_highlight"
      },
      "geometry": {
        "default": "geometry.blaze",

        "blaze_glow": "geometry.blaze_glow"
      },
      "animations": {
        "look_at_target": "animation.common.look_at_target",
        "move": "animation.blaze.move"
      },
      "particle_effects": {
        "charged_flames": "minecraft:mobflame_emitter"
      },
      "animation_controllers": [
        {
          "move": "controller.animation.blaze.move"
        },
        {
          "flame": "controller.animation.blaze.flame"
        }
      ],
      "render_controllers": [
        "controller.render.blaze",

        "controller.render.blaze_glow",
        "controller.render.blaze_glow2"
      ],
      "spawn_egg": {
        "texture": "spawn_egg",
        "texture_index": 21
      }
    }
  }
}