{
  "format_version": "1.8.0",
  "minecraft:client_entity": {
    "description": {
      "identifier": "minecraft:decorated_pot",
      "textures": {
        "brick": "textures/blocks/decorated_pot_side",
        "angler_pottery_sherd": "textures/blocks/angler_pottery_pattern",
        "archer_pottery_sherd": "textures/blocks/archer_pottery_pattern",
        "arms_up_pottery_sherd": "textures/blocks/arms_up_pottery_pattern",
        "blade_pottery_sherd": "textures/blocks/blade_pottery_pattern",
        "brewer_pottery_sherd": "textures/blocks/brewer_pottery_pattern",
        "burn_pottery_sherd": "textures/blocks/burn_pottery_pattern",
        "danger_pottery_sherd": "textures/blocks/danger_pottery_pattern",
        "explorer_pottery_sherd": "textures/blocks/explorer_pottery_pattern",
        "friend_pottery_sherd": "textures/blocks/friend_pottery_pattern",
        "heart_pottery_sherd": "textures/blocks/heart_pottery_pattern",
        "heartbreak_pottery_sherd": "textures/blocks/heartbreak_pottery_pattern",
        "howl_pottery_sherd": "textures/blocks/howl_pottery_pattern",
        "miner_pottery_sherd": "textures/blocks/miner_pottery_pattern",
        "mourner_pottery_sherd": "textures/blocks/mourner_pottery_pattern",
        "plenty_pottery_sherd": "textures/blocks/plenty_pottery_pattern",
        "prize_pottery_sherd": "textures/blocks/prize_pottery_pattern",
        "sheaf_pottery_sherd": "textures/blocks/sheaf_pottery_pattern",
        "shelter_pottery_sherd": "textures/blocks/shelter_pottery_pattern",
        "skull_pottery_sherd": "textures/blocks/skull_pottery_pattern",
        "snort_pottery_sherd": "textures/blocks/snort_pottery_pattern",
        "flow_pottery_sherd": "textures/blocks/flow_pottery_pattern",
        "guster_pottery_sherd": "textures/blocks/guster_pottery_pattern",
        "scrape_pottery_sherd": "textures/blocks/scrape_pottery_pattern"
      }
    }
  }
}