{
  "format_version": "1.10.0",
  "minecraft:client_entity": {
    "description": {
      "identifier": "minecraft:ender_crystal",
      "materials": {
        "default": "ender_crystal"
      },
      "textures": {
        "default": "textures/entity/endercrystal/endercrystal",
        "beam": "textures/entity/endercrystal/endercrystal_beam"
      },
      "geometry": {
        "default": "geometry.ender_crystal"
      },
      "animations": {
        "move": "animation.ender_crystal.move"
      },
      "scripts": {
        "initialize": [
          "variable.time_offset = Math.random(0, 100000);"
        ],
        "animate": [
          "move"
        ],
        "should_update_effects_offscreen": "1.0"
      },
      "render_controllers": [
        "controller.render.ender_crystal"
      ]
    }
  }
}