{
  "format_version": "1.8.0",
  "minecraft:client_entity": {
    "description": {
      "identifier": "minecraft:endermite",
      "materials": {
        "default": "endermite"
      },
      "textures": {
        "default": "textures/entity/endermite"
      },
      "geometry": {
        "default": "geometry.endermite"
      },
      "animations": {
        "move": "animation.endermite.move"
      },
      "animation_controllers": [
        {
          "move": "controller.animation.endermite.move"
        }
      ],
      "render_controllers": [
        "controller.render.endermite"
      ],
      "spawn_egg": {
        "texture": "spawn_egg",
        "texture_index": 25
      }
    }
  }
}