{
  "format_version": "1.8.0",
  "minecraft:client_entity": {
    "description": {
      "identifier": "minecraft:tadpole",
      "materials": {
        "default": "tadpole"
      },
      "textures": {
        "default": "textures/entity/tadpole/tadpole"
      },
      "geometry": {
        "default": "geometry.tadpole"
      },
      "spawn_egg": {
        "base_color": "#6d533d",
        "overlay_color": "#160a00"
      },
      "animations": {
        "swim": "animation.tadpole.swim"
      },
      "animation_controllers": [
        {
          "general": "controller.animation.tadpole.general"
        }
      ],
      "render_controllers": [
        "controller.render.tadpole"
      ]
    }
  }
}