{
  "format_version": "1.20.10",
  "minecraft:recipe_shaped": {
    "description": {
    "identifier": "pintacred:spectral_arrow"
    },

    
    "tags": [ "crafting_table" ],
    "pattern": [
      " Z ",
      "ZKZ",
      " Z "
    ],
    "key": {
      "K": {
        "item": "minecraft:arrow"
      },
      "Z": {
        "item": "minecraft:glowstone_dust"
      }
    },
	"unlock": [
      {
        "item": "minecraft:arrow"
	  },
	  {
		"item": "minecraft:glowstone_dust"
      }
    ],
    "result": {
      "item": "pintacred:spectral_arrow",
      "count": 2
    }
  }
}
