{
  "format_version": "1.10.0",
  "render_controllers": {
    "controller.render.armadillo": {
      "geometry": "Geometry.default",
      "materials": [ { "*": "Material.default" } ],
      "textures": [ "Texture.default" ],
      "part_visibility": [
        { "body": "!variable.use_rolled_up_model" },
        { "tail": "!variable.use_rolled_up_model" },
        { "left_hind_leg": "!variable.use_rolled_up_model" },
        { "right_hind_leg": "!variable.use_rolled_up_model" },
        { "body_rolled_up": "variable.use_rolled_up_model" }
      ]
    }
  }
}
