{
	"format_version": "1.10.0",
	"particle_effect": {
		"description": {
			"identifier": "pintacred:spectral_arrow_trail",
			"basic_render_parameters": {
				"material": "particles_alpha",
				"texture": "textures/particle/particles"
			}
		},
		"components": {
			"minecraft:emitter_rate_steady": {
				"spawn_rate": 80,
				"max_particles": 24
			},
			"minecraft:emitter_lifetime_once": {
				"active_time": 1
			},
			"minecraft:emitter_shape_point": {
				"direction": [0, -2, 0]
			},
			"minecraft:particle_lifetime_expression": {
				"max_lifetime": 0.5
			},
			"minecraft:particle_initial_speed": 0,
			"minecraft:particle_motion_dynamic": {
				"linear_acceleration": [0, -0.2, 0]
			},
			"minecraft:particle_appearance_billboard": {
				"size": [0.2, 0.2],
				"facing_camera_mode": "rotate_xyz",
				"uv": {
          "texture_width": 128,
          "texture_height": 128,
          "flipbook": {
            "base_UV": [ 56, 72 ],
            "size_UV": [ 8, 8 ],
            "step_UV": [ -8, 0 ],
						"frames_per_second": 60,
						"max_frame": 8,
						"stretch_to_lifetime": true
					}
				}
			}
		}
	}
}