{
  "format_version": "1.8.0",
  "animations": {
    "animation.camel.walk": {
      "loop": true,
      "animation_length": 1.5,
      "anim_time_update": "query.anim_time + math.max(1.215, math.pow(10, query.modified_move_speed) / 2.9) * query.delta_time",
      "bones": {
        "root": {
          "rotation": {
            "0.0": {
              "post": [ 0, 0, 1.75 ],
              "lerp_mode": "catmullrom"
            },
            "0.75": {
              "post": [ 0, 0, -1.75 ],
              "lerp_mode": "catmullrom"
            },
            "1.5": {
              "post": [ 0, 0, 1.75 ],
              "lerp_mode": "catmullrom"
            }
          }
        },
        "head": {
          "rotation": {
            "0.0": {
              "post": [ 2.5, 0, 0 ],
              "lerp_mode": "catmullrom"
            },
            "0.375": {
              "post": [ -2.5, 0, 0 ],
              "lerp_mode": "catmullrom"
            },
            "0.75": {
              "post": [ 2.5, 0, 0 ],
              "lerp_mode": "catmullrom"
            },
            "1.125": {
              "post": [ -2.5, 0, 0 ],
              "lerp_mode": "catmullrom"
            },
            "1.5": {
              "post": [ 2.5, 0, 0 ],
              "lerp_mode": "catmullrom"
            }
          }
        },
        "right_front_leg": {
          "rotation": {
            "0.0": {
              "post": [ 22.5, 0, 0 ],
              "lerp_mode": "catmullrom"
            },
            "0.75": {
              "post": [ -22.5, 0, 0 ],
              "lerp_mode": "catmullrom"
            },
            "1.5": {
              "post": [ 22.5, 0, 0 ],
              "lerp_mode": "catmullrom"
            }
          },
          "position": {
            "0.0": {
              "post": [ 0, 0, 0 ],
              "lerp_mode": "catmullrom"
            },
            "0.4583": {
              "post": [ 0, 4, 0 ],
              "lerp_mode": "catmullrom"
            },
            "0.75": {
              "post": [ 0, 0, 0 ],
              "lerp_mode": "catmullrom"
            },
            "1.5": {
              "post": [ 0, 0, 0 ],
              "lerp_mode": "catmullrom"
            }
          }
        },
        "left_front_leg": {
          "rotation": {
            "0.0": {
              "post": [ -22.5, 0, 0 ],
              "lerp_mode": "catmullrom"
            },
            "0.75": {
              "post": [ 22.5, 0, 0 ],
              "lerp_mode": "catmullrom"
            },
            "1.5": {
              "post": [ -22.5, 0, 0 ],
              "lerp_mode": "catmullrom"
            }
          },
          "position": {
            "0.0": {
              "post": [ 0, 0, 0 ],
              "lerp_mode": "catmullrom"
            },
            "0.75": {
              "post": [ 0, 0, 0 ],
              "lerp_mode": "catmullrom"
            },
            "1.2083": {
              "post": [ 0, 4, 0 ],
              "lerp_mode": "catmullrom"
            },
            "1.5": {
              "post": [ 0, 0, 0 ],
              "lerp_mode": "catmullrom"
            }
          }
        },
        "left_hind_leg": {
          "rotation": {
            "0.0": {
              "post": [ -20.4, 0, 0 ],
              "lerp_mode": "catmullrom"
            },
            "0.75": {
              "post": [ 22.5, 0, 0 ],
              "lerp_mode": "catmullrom"
            },
            "1.375": [ -22.5, 0, 0 ],
            "1.5": [ -20.4, 0, 0 ]
          },
          "position": {
            "0.0": {
              "post": [ 0, -0.21, 0 ],
              "lerp_mode": "catmullrom"
            },
            "0.75": {
              "post": [ 0, 0, 0 ],
              "lerp_mode": "catmullrom"
            },
            "1.0833": {
              "post": [ 0, 4, 0 ],
              "lerp_mode": "catmullrom"
            },
            "1.375": [ 0, 0, 0 ],
            "1.5": [ 0, -0.21, 0 ]
          }
        },
        "right_hind_leg": {
          "rotation": {
            "0.0": {
              "post": [ 22.5, 0, 0 ],
              "lerp_mode": "catmullrom"
            },
            "0.625": {
              "post": [ -22.5, 0, 0 ],
              "lerp_mode": "catmullrom"
            },
            "1.5": {
              "post": [ 22.5, 0, 0 ],
              "lerp_mode": "catmullrom"
            }
          },
          "position": {
            "0.0": {
              "post": [ 0, 0, 0 ],
              "lerp_mode": "catmullrom"
            },
            "0.375": {
              "post": [ 0, 4, 0 ],
              "lerp_mode": "catmullrom"
            },
            "0.625": {
              "post": [ 0, 0, 0 ],
              "lerp_mode": "catmullrom"
            },
            "1.5": {
              "post": [ 0, 0, 0 ],
              "lerp_mode": "catmullrom"
            }
          }
        },
        "left_ear": {
          "rotation": {
            "0.0": {
              "post": [ 0, 0, 0 ],
              "lerp_mode": "catmullrom"
            },
            "0.375": {
              "post": [ 0, 0, 22.5 ],
              "lerp_mode": "catmullrom"
            },
            "0.75": {
              "post": [ 0, 0, 0 ],
              "lerp_mode": "catmullrom"
            },
            "1.125": {
              "post": [ 0, 0, 22.5 ],
              "lerp_mode": "catmullrom"
            },
            "1.5": {
              "post": [ 0, 0, 0 ],
              "lerp_mode": "catmullrom"
            }
          }
        },
        "right_ear": {
          "rotation": {
            "0.0": {
              "post": [ 0, 0, 0 ],
              "lerp_mode": "catmullrom"
            },
            "0.375": {
              "post": [ 0, 0, -22.5 ],
              "lerp_mode": "catmullrom"
            },
            "0.75": {
              "post": [ 0, 0, 0 ],
              "lerp_mode": "catmullrom"
            },
            "1.125": {
              "post": [ 0, 0, -22.5 ],
              "lerp_mode": "catmullrom"
            },
            "1.5": {
              "post": [ 0, 0, 0 ],
              "lerp_mode": "catmullrom"
            }
          }
        },
        "tail": {
          "rotation": {
            "0.0": {
              "post": [ 15.94102, -8.42106, 20.94102 ],
              "lerp_mode": "catmullrom"
            },
            "0.75": {
              "post": [ 15.94102, 8.42106, -20.94102 ],
              "lerp_mode": "catmullrom"
            },
            "1.5": {
              "post": [ 15.94102, -8.42106, 20.94102 ],
              "lerp_mode": "catmullrom"
            }
          }
        }
      }
    },
    "animation.camel.stand_up": {
      "loop": "hold_on_last_frame",
      "animation_length": 2.6,
      "bones": {
        "body": {
          "rotation": {
            "0.0": [ 0, 0, 0 ],
            "0.7": {
              "pre": [ -17.5, 0, 0 ],
              "post": [ -17.5, 0, 0 ],
              "lerp_mode": "catmullrom"
            },
            "1.8": {
              "post": [ -17.83, 0, 0 ],
              "lerp_mode": "catmullrom"
            },
            "2.3": [ -5.83, 0, 0 ],
            "2.6": [ 0, 0, 0 ]
          },
          "position": {
            "0.0": [ 0, -19.9, 0 ],
            "0.7": [ 0, -19.9, -3 ],
            "1.4": {
              "pre": [ 0, -12.76, -4 ],
              "post": [ 0, -12.76, -4 ],
              "lerp_mode": "catmullrom"
            },
            "1.8": {
              "post": [ 0, -10.1, -4 ],
              "lerp_mode": "catmullrom"
            },
            "2.3": [ 0, -2.9, -2 ],
            "2.6": [ 0, 0, 0 ]
          }
        },
        "right_front_leg": {
          "rotation": {
            "0.0": [ -90, 10, 0 ],
            "0.5": [ -90, 10, 0 ],
            "1.1": [ -49.06, 10, 0 ],
            "1.8": [ -22.5, 10, 0 ],
            "2.3": [ -25, 10, 0 ],
            "2.6": [ 0, 0, 0 ]
          },
          "position": {
            "0.0": [ 0, -20.6, 12 ],
            "0.5": [ 0, -20.6, 8 ],
            "1.1": [ 0, -7.14, 4.42 ],
            "1.8": [ 0, -1.27, -1.33 ],
            "2.3": [ 0, -1.27, -0.33 ],
            "2.6": [ 0, 0, 0 ]
          }
        },
        "left_front_leg": {
          "rotation": {
            "0.0": [ -90, -10, 0 ],
            "0.5": [ -90, -10, 0 ],
            "1.1": [ -49.06, -10, 0 ],
            "1.8": [ -22.5, -10, 0 ],
            "2.3": [ -25, -10, 0 ],
            "2.6": [ 0, 0, 0 ]
          },
          "position": {
            "0.0": [ 0, -20.6, 12 ],
            "0.5": [ 0, -20.6, 8 ],
            "1.1": [ 0, -7.14, 4.42 ],
            "1.8": [ 0, -1.27, -1.33 ],
            "2.3": [ 0, -1.27, -0.33 ],
            "2.6": [ 0, 0, 0 ]
          }
        },
        "left_hind_leg": {
          "rotation": {
            "0.0": [ -90, -15, 0 ],
            "0.3": [ -90, 0, 0 ],
            "0.6": [ -90, 0, 0 ],
            "1.1": [ -60, 0, 0 ],
            "1.9": [ 35, 0, 0 ],
            "2.2": [ 30, 0, 0 ],
            "2.6": [ 0, 0, 0 ]
          },
          "position": {
            "0.0": [ 1, -20.5, 5 ],
            "0.3": [ -2, -20.5, 3 ],
            "0.6": [ -2, -20.5, 3 ],
            "1.1": [ -2, -10.5, 2 ],
            "1.5": [ -2, -0.4, -3.9 ],
            "1.9": [ -2, -4.3, -9.8 ],
            "2.2": [ -1, -2.5, -5 ],
            "2.6": [ 0, 0, 0 ]
          }
        },
        "right_hind_leg": {
          "rotation": {
            "0.0": [ -90, 15, 0 ],
            "0.3": [ -90, 0, 0 ],
            "0.6": [ -90, 0, 0 ],
            "1.1": [ -60, 0, 0 ],
            "1.9": [ 35, 0, 0 ],
            "2.2": [ 30, 0, 0 ],
            "2.6": [ 0, 0, 0 ]
          },
          "position": {
            "0.0": [ -1, -20.5, 5 ],
            "0.3": [ 2, -20.5, 3 ],
            "0.6": [ 2, -20.5, 3 ],
            "1.1": [ 2, -10.5, 2 ],
            "1.5": [ 2, -0.4, -3.9 ],
            "1.9": [ 2, -4.3, -9.8 ],
            "2.2": [ 1, -2.5, -5 ],
            "2.6": [ 0, 0, 0 ]
          }
        },
        "head": {
          "rotation": {
            "0.0": [ 0, 0, 0 ],
            "0.3": [ 0, 0, 0 ],
            "0.8": [ 55, 0, 0 ],
            "2.0": [ 65, 0, 0 ],
            "2.4": [ 0, 0, 0 ]
          }
        },
        "tail": {
          "rotation": {
            "0.0": [ 50, 0, 0 ],
            "0.4": [ 55, 0, 0 ],
            "0.9": [ 55, 0, 0 ],
            "1.5": [ 17.5, 0, 0 ],
            "2.6": [ 5, 0, 0 ]
          }
        },
        "left_ear": {
          "rotation": {
            "0.0": [ 0, 0, -45 ],
            "2.6": [ 0, 0, -45 ]
          }
        },
        "right_ear": {
          "rotation": {
            "0.0": [ 0, 0, 45 ],
            "2.6": [ 0, 0, 45 ]
          }
        }
      },
      "sound_effects": {
        "0.0": {
          "effect": "stand_up"
        }
      }
    },
    "animation.camel.dash": {
      "animation_length": 0.5,
      "loop": true,
      "bones": {
        "body": {
          "rotation": {
            "0.0": [ 5, 0, 0 ],
            "0.5": [ 5, 0, 0 ]
          }
        },
        "tail": {
          "rotation": {
            "0.0": {
              "post": [ 67.5, 0, 0 ],
              "lerp_mode": "catmullrom"
            },
            "0.125": {
              "post": [ 112.5, 0, 0 ],
              "lerp_mode": "catmullrom"
            },
            "0.25": {
              "post": [ 67.5, 0, 0 ],
              "lerp_mode": "catmullrom"
            },
            "0.375": {
              "post": [ 112.5, 0, 0 ],
              "lerp_mode": "catmullrom"
            },
            "0.5": {
              "post": [ 67.5, 0, 0 ],
              "lerp_mode": "catmullrom"
            }
          }
        },
        "head": {
          "rotation": {
            "0.0": {
              "post": [ 10, 0, 0 ],
              "lerp_mode": "catmullrom"
            },
            "0.125": {
              "post": [ 0, 0, 0 ],
              "lerp_mode": "catmullrom"
            },
            "0.25": {
              "post": [ 10, 0, 0 ],
              "lerp_mode": "catmullrom"
            },
            "0.375": {
              "post": [ 0, 0, 0 ],
              "lerp_mode": "catmullrom"
            },
            "0.5": {
              "post": [ 10, 0, 0 ],
              "lerp_mode": "catmullrom"
            }
          }
        },
        "right_front_leg": {
          "rotation": {
            "0.0": {
              "post": [ 44.97272, 1.76749, -1.76833 ],
              "lerp_mode": "catmullrom"
            },
            "0.125": {
              "post": [ -90, 0, 0 ],
              "lerp_mode": "catmullrom"
            },
            "0.25": {
              "post": [ 44.97272, 1.76749, -1.76833 ],
              "lerp_mode": "catmullrom"
            },
            "0.375": {
              "post": [ -90, 0, 0 ],
              "lerp_mode": "catmullrom"
            },
            "0.5": {
              "post": [ 44.97272, 1.76749, -1.76833 ],
              "lerp_mode": "catmullrom"
            }
          }
        },
        "left_front_leg": {
          "rotation": {
            "0.0": {
              "post": [ -90, 0, 0 ],
              "lerp_mode": "catmullrom"
            },
            "0.125": {
              "post": [ 44.97272, -1.76749, 1.76833 ],
              "lerp_mode": "catmullrom"
            },
            "0.25": {
              "post": [ -90, 0, 0 ],
              "lerp_mode": "catmullrom"
            },
            "0.375": {
              "post": [ 44.97272, -1.76749, 1.76833 ],
              "lerp_mode": "catmullrom"
            },
            "0.5": {
              "post": [ -90, 0, 0 ],
              "lerp_mode": "catmullrom"
            }
          }
        },
        "left_hind_leg": {
          "rotation": {
            "0.0": {
              "post": [ 90, 0, 0 ],
              "lerp_mode": "catmullrom"
            },
            "0.125": {
              "post": [ -45, 0, 0 ],
              "lerp_mode": "catmullrom"
            },
            "0.25": {
              "post": [ 90, 0, 0 ],
              "lerp_mode": "catmullrom"
            },
            "0.375": {
              "post": [ -45, 0, 0 ],
              "lerp_mode": "catmullrom"
            },
            "0.5": {
              "post": [ 90, 0, 0 ],
              "lerp_mode": "catmullrom"
            }
          }
        },
        "right_hind_leg": {
          "rotation": {
            "0.0": {
              "post": [ -45, 0, 0 ],
              "lerp_mode": "catmullrom"
            },
            "0.125": {
              "post": [ 90, 0, 0 ],
              "lerp_mode": "catmullrom"
            },
            "0.25": {
              "post": [ -45, 0, 0 ],
              "lerp_mode": "catmullrom"
            },
            "0.375": {
              "post": [ 90, 0, 0 ],
              "lerp_mode": "catmullrom"
            },
            "0.5": {
              "post": [ -45, 0, 0 ],
              "lerp_mode": "catmullrom"
            }
          }
        },
        "left_ear": {
          "rotation": {
            "0.0": [ 0, -67.5, 0 ],
            "0.5": [ 0, -67.5, 0 ]
          }
        },
        "right_ear": {
          "rotation": {
            "0.0": [ 0, 67.5, 0 ],
            "0.5": [ 0, 67.5, 0 ]
          }
        }
      }
    },
    "animation.camel.dash_sound": {
      "animation_length": 0.5,
      "loop": false,
      "sound_effects": {
        "0.0": {
          "effect": "dash"
        }
      }
    },
    "animation.camel.idle": {
      "loop": true,
      "animation_length": 4,
      "bones": {
        "head": {
          "rotation": [ "variable.xHeadRot", "variable.yHeadRot", 0 ]
        },
        "tail": {
          "rotation": {
            "0.0": {
              "post": [ 5, 0, 0 ],
              "lerp_mode": "catmullrom"
            },
            "1.0": {
              "post": [ 4.98107, 0.43523, -4.98107 ],
              "lerp_mode": "catmullrom"
            },
            "3.0": {
              "post": [ 4.9872, -0.29424, 3.36745 ],
              "lerp_mode": "catmullrom"
            },
            "4.0": {
              "post": [ 5, 0, 0 ],
              "lerp_mode": "catmullrom"
            }
          }
        },
        "left_ear": {
          "rotation": {
            "0.0": {
              "post": [ 0, 0, -45 ],
              "lerp_mode": "catmullrom"
            },
            "2.5": {
              "post": [ 0, 0, -45 ],
              "lerp_mode": "catmullrom"
            },
            "2.625": {
              "post": [ 0, 0, 22.5 ],
              "lerp_mode": "catmullrom"
            },
            "2.75": {
              "post": [ 0, 0, -45 ],
              "lerp_mode": "catmullrom"
            },
            "2.875": {
              "post": [ 0, 0, 22.5 ],
              "lerp_mode": "catmullrom"
            },
            "3.0": {
              "post": [ 0, 0, -45 ],
              "lerp_mode": "catmullrom"
            },
            "4.0": {
              "post": [ 0, 0, -45 ],
              "lerp_mode": "catmullrom"
            }
          }
        },
        "right_ear": {
          "rotation": {
            "0.0": {
              "post": [ 0, 0, 45 ],
              "lerp_mode": "catmullrom"
            },
            "2.5": {
              "post": [ 0, 0, 45 ],
              "lerp_mode": "catmullrom"
            },
            "2.625": {
              "post": [ 0, 0, -22.5 ],
              "lerp_mode": "catmullrom"
            },
            "2.75": {
              "post": [ 0, 0, 45 ],
              "lerp_mode": "catmullrom"
            },
            "2.875": {
              "post": [ 0, 0, -22.5 ],
              "lerp_mode": "catmullrom"
            },
            "3.0": {
              "post": [ 0, 0, 45 ],
              "lerp_mode": "catmullrom"
            },
            "4.0": {
              "post": [ 0, 0, 45 ],
              "lerp_mode": "catmullrom"
            }
          }
        }
      }
    },
    "animation.camel.sit_down": {
      "loop": "hold_on_last_frame",
      "animation_length": 2,
      "bones": {
        "body": {
          "rotation": {
            "0.0": [ 0, 0, 0 ],
            "1.3": [ 30, 0, 0 ],
            "1.8": [ 24, 0, 0 ],
            "2.0": [ 0, 0, 0 ]
          },
          "position": {
            "0.0": [ 0, 0, 0 ],
            "1.3": [ 0, 0, 1 ],
            "1.8": [ 0, -6, 1 ],
            "2.0": [ 0, -19.9, 0 ]
          }
        },
        "right_front_leg": {
          "rotation": {
            "0.0": [ 0, 0, 0 ],
            "1.0": [ -30, 0, 0 ],
            "1.5": [ -30, 0, 0 ],
            "2.0": [ -90, 10, 0 ]
          },
          "position": {
            "0.0": [ 0, 0, 0 ],
            "1.0": [ 0, -2, 11 ],
            "1.5": [ 0, -2, 11 ],
            "1.7": [ 0, -8.4, 11.4 ],
            "2.0": [ 0, -20.6, 12 ]
          }
        },
        "left_front_leg": {
          "rotation": {
            "0.0": [ 0, 0, 0 ],
            "1.0": [ -30, 0, 0 ],
            "1.5": [ -30, 0, 0 ],
            "2.0": [ -90, -10, 0 ]
          },
          "position": {
            "0.0": [ 0, 0, 0 ],
            "1.0": [ 0, -2, 11 ],
            "1.5": [ 0, -2, 11 ],
            "1.7": [ 0, -8.4, 11.4 ],
            "2.0": [ 0, -20.6, 12 ]
          }
        },
        "left_hind_leg": {
          "rotation": {
            "0.0": [ 0, 0, 0 ],
            "0.5": [ 0, 0, 0 ],
            "1.5": [ -10, 0, 0 ],
            "1.7": [ -15, -3, 0 ],
            "1.9": [ -65, -9, 0 ],
            "2.0": [ -90, -15, 0 ]
          },
          "position": {
            "0.0": [ 0, 0, 0 ],
            "0.5": [ 0, 0, 0 ],
            "1.5": [ 0, 0, 1 ],
            "1.7": [ 1, -0.62, 0.25 ],
            "1.9": [ 0.5, -11.25, 2.5 ],
            "2.0": [ 1, -20.5, 5 ]
          }
        },
        "right_hind_leg": {
          "rotation": {
            "0.0": [ 0, 0, 0 ],
            "0.5": [ 0, 0, 0 ],
            "1.5": [ -10, 0, 0 ],
            "1.7": [ -15, 3, 0 ],
            "1.9": [ -65, 9, 0 ],
            "2.0": [ -90, 15, 0 ]
          },
          "position": {
            "0.0": [ 0, 0, 0 ],
            "0.5": [ 0, 0, 0 ],
            "1.5": [ 0, 0, 1 ],
            "1.7": [ -1, -0.62, 0.25 ],
            "1.9": [ -0.5, -11.25, 2.5 ],
            "2.0": [ -1, -20.5, 5 ]
          }
        },
        "head": {
          "rotation": {
            "0.0": [ 0, 0, 0 ],
            "0.7": [ -27.5, 0, 0 ],
            "1.5": [ -21.25, 0, 0 ],
            "2.0": [ 0, 0, 0 ]
          }
        },
        "tail": {
          "rotation": {
            "0.0": [ 5, 0, 0 ],
            "1.7": [ 5, 0, 0 ],
            "1.9": [ 80, 0, 0 ],
            "2.0": [ 50, 0, 0 ]
          }
        }
      },
      "sound_effects": {
        "0.0": {
          "effect": "sit_down"
        }
      }
    },
    "animation.camel.sit": {
      "loop": true,
      "bones": {
        "body": {
          "rotation": [ 0, 0, 0 ],
          "position": [ 0, -19.9, 0 ]
        },
        "right_front_leg": {
          "rotation": [ -90, 10, 0 ],
          "position": [ 0, -20.6, 12 ]
        },
        "left_front_leg": {
          "rotation": [ -90, -10, 0 ],
          "position": [ 0, -20.6, 12 ]
        },
        "left_hind_leg": {
          "rotation": [ -90, -15, 0 ],
          "position": [ 1, -20.5, 5 ]
        },
        "right_hind_leg": {
          "rotation": [ -90, 15, 0 ],
          "position": [ -1, -20.5, 5 ]
        },
        "tail": {
          "rotation": [ 50, 0, 0 ]
        }
      }
    }
  }
}
