{
	"format_version": "1.10.0",
	"animations": {
		"animation.ender_crystal.move": {
			"loop": true,
			"bones": {
				"outerglass": {
					"position": [ 0.0, "16.0 + Math.sin(query.life_time * 230.0 + variable.time_offset) * 8.0", 0.0 ],
					"rotation": [ 39.2, "14.5 + (query.life_time * -60.0 + variable.time_offset)", -39.2 ]
				},
				"innerglass": {
					"scale": [ 0.875, 0.875, 0.875 ],
					"rotation": [ 39.2, "14.5 + (query.life_time * -60.0 + variable.time_offset)", -39.2 ]
				},
				"crystal": {
					"scale": [ 0.875, 0.875, 0.875 ],
					"rotation": [ 219.2, "14.5 + (query.life_time * -60.0 + variable.time_offset)", -39.2 ]
				}
			}
		}
	}
}
