{
	"format_version" : "1.8.0",
	"animations" : {
		"animation.guardian.move_eye.v1.0" : {
			"loop" : true,
			"bones" : {
				"eye" : {
					"position" : [ "query.eye_target_x_rotation - this", "query.eye_target_y_rotation - 1.0 - this", "-8.25 - this" ]
				}
			}
		},
		"animation.guardian.spikes.v1.0" : {
			"loop" : true,
			"bones" : {
				"spikepart0" : {
					"position" : [ "-this", "-8 * (1 + math.cos(query.life_time * 20 * 1.5) * 0.01 + (variable.spike_extension + variable.spike_shake)) - this", "8 * (1 + math.cos(query.life_time * 20 * 1.5) * 0.01 - (variable.spike_extension + variable.spike_shake)) - this" ]
				},
				"spikepart1" : {
					"position" : [ "-this", "-8 * (1 + math.cos(query.life_time * 20 * 1.5 + 1) * 0.01 + (variable.spike_extension + variable.spike_shake)) - this", "-8 * (1 + math.cos(query.life_time * 20 * 1.5 + 1) * 0.01 - (variable.spike_extension + variable.spike_shake)) - this" ]
				},
				"spikepart10" : {
					"position" : [ "8 * (1 + math.cos(query.life_time * 20 * 1.5 + 10) * 0.01 - (variable.spike_extension + variable.spike_shake)) - this", "-32 + 8 * (1 + math.cos(query.life_time * 20 * 1.5 + 10) * 0.01 + (variable.spike_extension + variable.spike_shake)) - this", "-this" ]
				},
				"spikepart11" : {
					"position" : [ "-8 * (1 + math.cos(query.life_time * 20 * 1.5 + 11) * 0.01 - (variable.spike_extension + variable.spike_shake)) - this", "-32 + 8 * (1 + math.cos(query.life_time * 20 * 1.5 + 11) * 0.01 + (variable.spike_extension + variable.spike_shake)) - this", "-this" ]
				},
				"spikepart2" : {
					"position" : [ "8 * (1 + math.cos(query.life_time * 20 * 1.5 + 2) * 0.01 - (variable.spike_extension + variable.spike_shake)) - this", "-8 * (1 + math.cos(query.life_time * 20 * 1.5 + 2) * 0.01 + (variable.spike_extension + variable.spike_shake)) - this", "-this" ]
				},
				"spikepart3" : {
					"position" : [ "-8 * (1 + math.cos(query.life_time * 20 * 1.5 + 3) * 0.01 - (variable.spike_extension + variable.spike_shake)) - this", "-8 * (1 + math.cos(query.life_time * 20 * 1.5 + 3) * 0.01 + (variable.spike_extension + variable.spike_shake)) - this", 0.0 ]
				},
				"spikepart4" : {
					"position" : [ "-8 * (1 + math.cos(query.life_time * 20 * 1.5 + 4) * 0.01 - (variable.spike_extension - variable.spike_shake)) - this", "-16 - this", "-8 * (1 + math.cos(query.life_time * 20 * 1.5 + 4) * 0.01 - (variable.spike_extension - variable.spike_shake)) - this" ]
				},
				"spikepart5" : {
					"position" : [ "8 * (1 + math.cos(query.life_time * 20 * 1.5 + 5) * 0.01 - (variable.spike_extension - variable.spike_shake)) - this", "-16 - this", "-8 * (1 + math.cos(query.life_time * 20 * 1.5 + 5) * 0.01 - (variable.spike_extension - variable.spike_shake)) - this" ]
				},
				"spikepart6" : {
					"position" : [ "8 * (1 + math.cos(query.life_time * 20 * 1.5 + 6) * 0.01 - (variable.spike_extension - variable.spike_shake)) - this", "-16 - this", "8 * (1 + math.cos(query.life_time * 20 * 1.5 + 6) * 0.01 - (variable.spike_extension - variable.spike_shake)) - this" ]
				},
				"spikepart7" : {
					"position" : [ "-8 * (1 + math.cos(query.life_time * 20 * 1.5 + 7) * 0.01 - (variable.spike_extension - variable.spike_shake)) - this", "-16 - this", "8 * (1 + math.cos(query.life_time * 20 * 1.5 + 7) * 0.01 - (variable.spike_extension - variable.spike_shake)) - this" ]
				},
				"spikepart8" : {
					"position" : [ "-this", "-32 + 8 * (1 + math.cos(query.life_time * 20 * 1.5 + 8) * 0.01 + (variable.spike_extension + variable.spike_shake)) - this", "8 * (1 + math.cos(query.life_time * 20 * 1.5 + 8) * 0.01 - (variable.spike_extension + variable.spike_shake)) - this" ]
				},
				"spikepart9" : {
					"position" : [ "-this", "-32 + 8 * (1 + math.cos(query.life_time * 20 * 1.5 + 9) * 0.01 + (variable.spike_extension + variable.spike_shake)) - this", "-8 * (1 + math.cos(query.life_time * 20 * 1.5 + 9) * 0.01 - (variable.spike_extension + variable.spike_shake)) - this" ]
				}
			}
		}
	}
}
