{
	"format_version" : "1.8.0",
	"animations" : {
		"animation.horse.v2.baby_transform" : {
			"loop" : true,
			"bones" : {
				"body" : {
					"position" : [ 0.0, "11 * ((0.0625 - query.model_scale) * 16.0)", 0.0 ]
				},
				"head" : {
					"scale" : "1.0 + 0.5 * (1.0 - (query.model_scale * 16.0))"
				},
				"leg1a" : {
					"position" : [ 0.0, "11 * ((0.0625 - query.model_scale) * 16.0)", 0.0 ],
					"scale" : [ 1.0, "1.0 + ((0.0625 - query.model_scale) * 16.0)", 1.0 ]
				},
				"leg2a" : {
					"position" : [ 0.0, "(11 * ((0.0625 - query.model_scale) * 16.0))", 0.0 ],
					"scale" : [ 1.0, "1.0 + ((0.0625 - query.model_scale) * 16.0)", 1.0 ]
				},
				"leg3a" : {
					"position" : [ 0.0, "11 * ((0.0625 - query.model_scale) * 16.0)", 0.0 ],
					"scale" : [ 1.0, "1.0 + ((0.0625 - query.model_scale) * 16.0)", 1.0 ]
				},
				"leg4a" : {
					"position" : [ 0.0, "11 * ((0.0625 - query.model_scale) * 16.0)", 0.0 ],
					"scale" : [ 1.0, "1.0 + ((0.0625 - query.model_scale) * 16.0)", 1.0 ]
				},
				"mane" : {
					"position" : [ 0.0, "11 * ((0.0625 - query.model_scale) * 16.0)", 0.0 ]
				},
				"neck" : {
					"position" : [ 0.0, "11 * ((0.0625 - query.model_scale) * 16.0)", 0.0 ]
				}
			}
		},
		"animation.horse.v2.eat" : {
			"loop" : true,
			"bones" : {
				"mane" : {
					"position" : [ 0.0, "-variable.eat_anim", "variable.eat_anim * -2.0" ],
					"rotation" : [ "variable.eat_anim * (110.0 + math.sin((query.life_time * 20.0) * 57.3) * 2.86)", 0.0, 0.0 ]
				},
				"neck" : {
					"position" : [ 0.0, "-variable.eat_anim", "variable.eat_anim * -2.0" ],
					"rotation" : [ "variable.eat_anim * (110.0 + math.sin((query.life_time * 20.0) * 57.3) * 2.86)", 0.0, 0.0 ]
				}
			}
		},
		"animation.horse.v2.setup" : {
			"loop" : true,
			"bones" : {
				"body" : {
					"position" : [ 0.0, "variable.y_adjust", 0.0 ] 
				},
				"ear1" : {
					"rotation" : [ "-this", 0.0, 0.0 ]
				},
				"ear2" : {
					"rotation" : [ "-this", 0.0, 0.0 ]
				},
				"head" : {
					"rotation" : [ "-this", 0.0, 0.0 ]
				},
				"headsaddle" : {
					"rotation" : [ "-this", 0.0, 0.0 ]
				},
				"leg1a" : {
					"position" : [ 0.0, "variable.y_adjust", 0.0 ] 
				},
				"leg2a" : {
					"position" : [ 0.0, "variable.y_adjust", 0.0 ] 
				},
				"leg3a" : {
					"position" : [ 0.0, "variable.y_adjust", 0.0 ] 
				},
				"leg4a" : {
					"position" : [ 0.0, "variable.y_adjust", 0.0 ] 
				},
				"mane" : {
					"position" : [ 0.0, "-7.0 - this + variable.y_adjust", "-7.95 - this" ],
					"rotation" : [ "variable.head_x_rot", "query.head_y_rotation(20)", 0.0 ]
				},
				"muleearl" : {
					"rotation" : [ "-this", 0.0, 0.0 ]
				},
				"muleearr" : {
					"rotation" : [ "-this", 0.0, 0.0 ]
				},
				"neck" : {
					"position" : [ 0.0, "-7.0 - this + variable.y_adjust", "-8.0 - this" ],
					"rotation" : [ "variable.head_x_rot", "query.head_y_rotation(20)", 0.0 ]
				},
				"saddlemouthl" : {
					"rotation" : [ "-this", 0.0, 0.0 ]
				},
				"saddlemouthline" : {
					"position" : [ 0.0, "-7.0 - this", "-8.0 - this" ],
					"rotation" : [ "variable.head_x_rot - this", "query.head_y_rotation(20)", 0.0 ]
				},
				"saddlemouthliner" : {
					"position" : [ 0.0, "-7.0 - this", "-8.0 - this" ],
					"rotation" : [ "variable.head_x_rot - this", "query.head_y_rotation(20)", 0.0 ]
				},
				"saddlemouthr" : {
					"rotation" : [ "-this", 0.0, 0.0 ]
				},
				"umouth" : {
					"rotation" : [ "-this", 0.0, 0.0 ]
				}
			}
		},
		"animation.horse.v2.stand" : {
			"loop" : true,
			"bones" : {
				"bag1" : {
					"position" : [ 0.0, "variable.stand_anim * -2.5", "variable.stand_anim * 4.0" ]
				},
				"bag2" : {
					"position" : [ 0.0, "variable.stand_anim * -2.5", "variable.stand_anim * 4.0" ]
				},
				"body" : {
					"rotation" : [ "variable.stand_anim * -45.0", 0.0, 0.0 ]
				},
				"leg1a" : {
					"rotation" : [ "5.0 * variable.stand_anim", 0.0, 0.0 ]
				},
				"leg2a" : {
					"rotation" : [ "5.0 * variable.stand_anim", 0.0, 0.0 ]
				},
				"leg3a" : {
					"position" : [ 0.0, "variable.stand_anim * -this", "variable.stand_anim * 4.0" ],
					"rotation" : [ "(-60.0 + math.cos((query.life_time * 20.0) * 34.38) * 57.3) * variable.stand_anim", 0.0, 0.0 ]
				},
				"leg4a" : {
					"position" : [ 0.0, "variable.stand_anim * -this", "variable.stand_anim * 4.0" ],
					"rotation" : [ "(-60.0 - math.cos((query.life_time * 20.0) * 34.38) * 57.3) * variable.stand_anim", 0.0, 0.0 ]
				},
				"mane" : {
					"position" : [ 0.0, "variable.stand_anim * 11.0", "variable.stand_anim * 7.0" ],
					"rotation" : [ "variable.stand_anim * (15.0 + variable.head_x_rot) + variable.base_head_angle - this", "(variable.stand_anim + variable.inverse_max_stand_eat) * query.head_y_rotation(20) - this", 0.0 ]
				},
				"neck" : {
					"position" : [ 0.0, "variable.stand_anim * 11.0", "variable.stand_anim * 7.0" ],
					"rotation" : [ "variable.stand_anim * (15.0 + variable.head_x_rot) + variable.base_head_angle - this", "(variable.stand_anim + variable.inverse_max_stand_eat) * query.head_y_rotation(20) - this", 0.0 ]
				},
				"saddlemouthline" : {
					"position" : [ 0.0, "variable.stand_anim * 11.0", "variable.stand_anim * 7.0" ]
				},
				"saddlemouthliner" : {
					"position" : [ 0.0, "variable.stand_anim * 11.0", "variable.stand_anim * 7.0" ]
				},
				"taila" : {
					"rotation" : [ "variable.stand_anim * 80.0 + (1.0 - variable.stand_anim) * 25.0 - this", 0.0, 0.0 ]
				}
			}
		},
		"animation.horse.v2.tail" : {
			"loop" : true,
			"bones" : {
				"taila" : {
					"rotation" : [ 0.0, "math.cos(query.life_time * 802.0) * 57.3", 0.0 ]
				}
			}
		},
		"animation.horse.v2.walk" : {
			"loop" : true,
			"bones" : {
				"bag1" : {
					"rotation" : [ "variable.leg_x_rot_anim / 5.0", 0.0, 0.0 ]
				},
				"bag2" : {
					"rotation" : [ "-variable.leg_x_rot_anim / 5.0", 0.0, 0.0 ]
				},
				"leg1a" : {
					"rotation" : [ "(-variable.leg_stand_factor * 28.6 * query.modified_move_speed) * (1.0 - variable.stand_anim)", 0.0, 0.0 ]
				},
				"leg2a" : {
					"rotation" : [ "(variable.leg_stand_factor * 28.6 * query.modified_move_speed) * (1.0 - variable.stand_anim)", 0.0, 0.0 ]
				},
				"leg3a" : {
					"rotation" : [ "variable.leg_x_rot_anim * (1.0 - variable.stand_anim)", 0.0, 0.0 ]
				},
				"leg4a" : {
					"rotation" : [ "-variable.leg_x_rot_anim * (1.0 - variable.stand_anim)", 0.0, 0.0 ]
				}
			}
		}
	}
}