{
	"format_version": "1.21.0",
	"minecraft:geometry": [
		{
			"description": {
				"identifier": "geometry.allay_glow",
				"texture_width": 32,
				"texture_height": 32,
				"visible_bounds_width": 3,
				"visible_bounds_height": 2.1,
				"visible_bounds_offset": [0, 0.95, 0]
			},
			"bones": [
				{
					"name": "root",
					"pivot": [0, 1, 0]
				},
				{
					"name": "head",
					"parent": "root",
					"pivot": [0, 5, 0]
				},
				{
					"name": "look_at",
					"parent": "head",
					"pivot": [0, 5, 0.75],
					"cubes": [
						{
							"origin": [3.1, 10.61, 3.1],
							"size": [-6.2, -6.2, -6.2],
							"uv": {
								"north": {"uv": [0, 0], "uv_size": [1, 1]},
								"east": {"uv": [0, 0], "uv_size": [1, 1]},
								"south": {"uv": [0, 0], "uv_size": [1, 1]},
								"west": {"uv": [0, 0], "uv_size": [1, 1]},
								"up": {"uv": [1, 1], "uv_size": [-1, -1]},
								"down": {"uv": [1, 1], "uv_size": [-1, -1]}
							}
						}
					]
				},
				{
					"name": "body",
					"parent": "root",
					"pivot": [0, 5, 0],
					"cubes": [
						{
							"origin": [2.1, 5.6, 1.6],
							"size": [-4.2, -3.2, -3.2],
							"uv": {
								"north": {"uv": [0, 0], "uv_size": [1, 1], "uv_rotation": 180},
								"east": {"uv": [0, 0], "uv_size": [1, 1], "uv_rotation": 180},
								"south": {"uv": [0, 0], "uv_size": [1, 1], "uv_rotation": 180},
								"west": {"uv": [0, 0], "uv_size": [1, 1], "uv_rotation": 180},
								"up": {"uv": [1, 1], "uv_size": [-1, -1], "uv_rotation": 180},
								"down": {"uv": [1, 1], "uv_size": [-1, -1], "uv_rotation": 180}
							}
						},
						{
							"origin": [1.1, 3.6, 1.6],
							"size": [-3.2, -2.2, -3.2],
							"uv": {
								"north": {"uv": [0, 0], "uv_size": [1, 1], "uv_rotation": 180},
								"east": {"uv": [0, 0], "uv_size": [1, 1], "uv_rotation": 180},
								"south": {"uv": [0, 0], "uv_size": [1, 1], "uv_rotation": 180},
								"west": {"uv": [0, 0], "uv_size": [1, 1], "uv_rotation": 180},
								"up": {"uv": [1, 1], "uv_size": [-1, -1], "uv_rotation": 180},
								"down": {"uv": [1, 1], "uv_size": [-1, -1], "uv_rotation": 180}
							}
						}
					]
				},
				{
					"name": "the_allays_inside_or_something",
					"parent": "body",
					"pivot": [0, 0, 0],
					"cubes": [
						{
							"origin": [2.1, 5.6, 1.6],
							"size": [-4.2, -4.2, -3.2],
							"inflate": 0.4,
							"uv": {
								"north": {"uv": [0, 0], "uv_size": [1, 1], "uv_rotation": 180},
								"east": {"uv": [0, 0], "uv_size": [1, 1], "uv_rotation": 180},
								"south": {"uv": [0, 0], "uv_size": [1, 1], "uv_rotation": 180},
								"west": {"uv": [0, 0], "uv_size": [1, 1], "uv_rotation": 180},
								"up": {"uv": [1, 1], "uv_size": [-1, -1], "uv_rotation": 180},
								"down": {"uv": [1, 1], "uv_size": [-1, -1], "uv_rotation": 180}
							}
						},
						{
							"origin": [2.1, 1.6, 1.6],
							"size": [-2.2, -2.2, -1.2],
							"inflate": 0.4,
							"uv": {
								"north": {"uv": [0, 0], "uv_size": [1, 1], "uv_rotation": 180},
								"east": {"uv": [0, 0], "uv_size": [1, 1], "uv_rotation": 180},
								"south": {"uv": [0, 0], "uv_size": [1, 1], "uv_rotation": 180},
								"west": {"uv": [0, 0], "uv_size": [1, 1], "uv_rotation": 180},
								"up": {"uv": [1, 1], "uv_size": [-1, -1], "uv_rotation": 180},
								"down": {"uv": [1, 1], "uv_size": [-1, -1], "uv_rotation": 180}
							}
						},
						{
							"origin": [1.1, 2.6, -0.4],
							"size": [-3.2, -2.2, -1.2],
							"inflate": 0.4,
							"uv": {
								"north": {"uv": [0, 0], "uv_size": [1, 1], "uv_rotation": 180},
								"east": {"uv": [0, 0], "uv_size": [1, 1], "uv_rotation": 180},
								"south": {"uv": [0, 0], "uv_size": [1, 1], "uv_rotation": 180},
								"west": {"uv": [0, 0], "uv_size": [1, 1], "uv_rotation": 180},
								"up": {"uv": [1, 1], "uv_size": [-1, -1], "uv_rotation": 180},
								"down": {"uv": [1, 1], "uv_size": [-1, -1], "uv_rotation": 180}
							}
						},
						{
							"origin": [0.1, 1.6, -0.4],
							"size": [-2.2, -2.2, -1.2],
							"inflate": 0.4,
							"uv": {
								"north": {"uv": [0, 0], "uv_size": [1, 1], "uv_rotation": 180},
								"east": {"uv": [0, 0], "uv_size": [1, 1], "uv_rotation": 180},
								"south": {"uv": [0, 0], "uv_size": [1, 1], "uv_rotation": 180},
								"west": {"uv": [0, 0], "uv_size": [1, 1], "uv_rotation": 180},
								"up": {"uv": [1, 1], "uv_size": [-1, -1], "uv_rotation": 180},
								"down": {"uv": [1, 1], "uv_size": [-1, -1], "uv_rotation": 180}
							}
						},
						{
							"origin": [-0.9, 2.6, 1.6],
							"size": [-1.2, -2.2, -3.2],
							"inflate": 0.4,
							"uv": {
								"north": {"uv": [0, 0], "uv_size": [1, 1], "uv_rotation": 180},
								"east": {"uv": [0, 0], "uv_size": [1, 1], "uv_rotation": 180},
								"south": {"uv": [0, 0], "uv_size": [1, 1], "uv_rotation": 180},
								"west": {"uv": [0, 0], "uv_size": [1, 1], "uv_rotation": 180},
								"up": {"uv": [1, 1], "uv_size": [-1, -1], "uv_rotation": 180},
								"down": {"uv": [1, 1], "uv_size": [-1, -1], "uv_rotation": 180}
							}
						},
						{
							"origin": [-0.9, 1.6, 1.6],
							"size": [-1.2, -2.2, -2.2],
							"inflate": 0.4,
							"uv": {
								"north": {"uv": [0, 0], "uv_size": [1, 1], "uv_rotation": 180},
								"east": {"uv": [0, 0], "uv_size": [1, 1], "uv_rotation": 180},
								"south": {"uv": [0, 0], "uv_size": [1, 1], "uv_rotation": 180},
								"west": {"uv": [0, 0], "uv_size": [1, 1], "uv_rotation": 180},
								"up": {"uv": [1, 1], "uv_size": [-1, -1], "uv_rotation": 180},
								"down": {"uv": [1, 1], "uv_size": [-1, -1], "uv_rotation": 180}
							}
						},
						{
							"origin": [2.1, 2.6, 1.6],
							"size": [-3.2, -2.2, -1.2],
							"inflate": 0.4,
							"uv": {
								"north": {"uv": [0, 0], "uv_size": [1, 1], "uv_rotation": 180},
								"east": {"uv": [0, 0], "uv_size": [1, 1], "uv_rotation": 180},
								"south": {"uv": [0, 0], "uv_size": [1, 1], "uv_rotation": 180},
								"west": {"uv": [0, 0], "uv_size": [1, 1], "uv_rotation": 180},
								"up": {"uv": [1, 1], "uv_size": [-1, -1], "uv_rotation": 180},
								"down": {"uv": [1, 1], "uv_size": [-1, -1], "uv_rotation": 180}
							}
						},
						{
							"origin": [2.1, 2.6, 1.6],
							"size": [-1.2, -2.2, -2.2],
							"inflate": 0.4,
							"uv": {
								"north": {"uv": [0, 0], "uv_size": [1, 1], "uv_rotation": 180},
								"east": {"uv": [0, 0], "uv_size": [1, 1], "uv_rotation": 180},
								"south": {"uv": [0, 0], "uv_size": [1, 1], "uv_rotation": 180},
								"west": {"uv": [0, 0], "uv_size": [1, 1], "uv_rotation": 180},
								"up": {"uv": [1, 1], "uv_size": [-1, -1], "uv_rotation": 180},
								"down": {"uv": [1, 1], "uv_size": [-1, -1], "uv_rotation": 180}
							}
						}
					]
				},
				{
					"name": "right_arm",
					"parent": "body",
					"pivot": [-1.75, 4.5, 0],
					"cubes": [
						{
							"origin": [-0.9, 5.6, 1.6],
							"size": [-2.2, -5.2, -3.2],
							"uv": {
								"north": {"uv": [0, 0], "uv_size": [1, 1]},
								"east": {"uv": [0, 0], "uv_size": [1, 1]},
								"south": {"uv": [0, 0], "uv_size": [1, 1]},
								"west": {"uv": [0, 0], "uv_size": [1, 1]},
								"up": {"uv": [1, 1], "uv_size": [-1, -1]},
								"down": {"uv": [1, 1], "uv_size": [-1, -1]}
							}
						}
					]
				},
				{
					"name": "left_arm",
					"parent": "body",
					"pivot": [1.75, 4.5, 0],
					"cubes": [
						{
							"origin": [3.1, 5.6, 1.6],
							"size": [-2.2, -5.2, -3.2],
							"uv": {
								"north": {"uv": [0, 0], "uv_size": [1, 1]},
								"east": {"uv": [0, 0], "uv_size": [1, 1]},
								"south": {"uv": [0, 0], "uv_size": [1, 1]},
								"west": {"uv": [0, 0], "uv_size": [1, 1]},
								"up": {"uv": [1, 1], "uv_size": [-1, -1]},
								"down": {"uv": [1, 1], "uv_size": [-1, -1]}
							}
						}
					]
				},
				{
					"name": "left_wing",
					"parent": "body",
					"pivot": [0.5, 4, 1],
					"cubes": [
						{
							"origin": [1.1, 0.6, 8.6],
							"size": [-1.2, -2.2, -2.2],
							"uv": {
								"north": {"uv": [0, 0], "uv_size": [1, 1]},
								"east": {"uv": [0, 0], "uv_size": [1, 1]},
								"south": {"uv": [0, 0], "uv_size": [1, 1]},
								"west": {"uv": [0, 0], "uv_size": [1, 1]},
								"up": {"uv": [1, 1], "uv_size": [-1, -1]},
								"down": {"uv": [1, 1], "uv_size": [-1, -1]}
							}
						},
						{
							"origin": [1.1, 1.6, 8.6],
							"size": [-1.2, -2.2, -3.2],
							"uv": {
								"north": {"uv": [0, 0], "uv_size": [1, 1]},
								"east": {"uv": [0, 0], "uv_size": [1, 1]},
								"south": {"uv": [0, 0], "uv_size": [1, 1]},
								"west": {"uv": [0, 0], "uv_size": [1, 1]},
								"up": {"uv": [1, 1], "uv_size": [-1, -1]},
								"down": {"uv": [1, 1], "uv_size": [-1, -1]}
							}
						},
						{
							"origin": [1.1, 3.6, 9.6],
							"size": [-1.2, -2.2, -6.2],
							"uv": {
								"north": {"uv": [0, 0], "uv_size": [1, 1]},
								"east": {"uv": [0, 0], "uv_size": [1, 1]},
								"south": {"uv": [0, 0], "uv_size": [1, 1]},
								"west": {"uv": [0, 0], "uv_size": [1, 1]},
								"up": {"uv": [1, 1], "uv_size": [-1, -1]},
								"down": {"uv": [1, 1], "uv_size": [-1, -1]}
							}
						},
						{
							"origin": [1.1, 1.6, 4.6],
							"size": [-1.2, -2.2, -2.2],
							"uv": {
								"north": {"uv": [0, 0], "uv_size": [1, 1]},
								"east": {"uv": [0, 0], "uv_size": [1, 1]},
								"south": {"uv": [0, 0], "uv_size": [1, 1]},
								"west": {"uv": [0, 0], "uv_size": [1, 1]},
								"up": {"uv": [1, 1], "uv_size": [-1, -1]},
								"down": {"uv": [1, 1], "uv_size": [-1, -1]}
							}
						},
						{
							"origin": [1.1, 4.6, 4.6],
							"size": [-1.2, -4.2, -3.2],
							"uv": {
								"north": {"uv": [0, 0], "uv_size": [1, 1]},
								"east": {"uv": [0, 0], "uv_size": [1, 1]},
								"south": {"uv": [0, 0], "uv_size": [1, 1]},
								"west": {"uv": [0, 0], "uv_size": [1, 1]},
								"up": {"uv": [1, 1], "uv_size": [-1, -1]},
								"down": {"uv": [1, 1], "uv_size": [-1, -1]}
							}
						},
						{
							"origin": [1.1, 4.6, 2.6],
							"size": [-1.2, -2.2, -2.2],
							"uv": {
								"north": {"uv": [0, 0], "uv_size": [1, 1]},
								"east": {"uv": [0, 0], "uv_size": [1, 1]},
								"south": {"uv": [0, 0], "uv_size": [1, 1]},
								"west": {"uv": [0, 0], "uv_size": [1, 1]},
								"up": {"uv": [1, 1], "uv_size": [-1, -1]},
								"down": {"uv": [1, 1], "uv_size": [-1, -1]}
							}
						},
						{
							"origin": [1.1, 2.6, 7.6],
							"size": [-1.2, -2.2, -3.2],
							"uv": {
								"north": {"uv": [0, 0], "uv_size": [1, 1]},
								"east": {"uv": [0, 0], "uv_size": [1, 1]},
								"south": {"uv": [0, 0], "uv_size": [1, 1]},
								"west": {"uv": [0, 0], "uv_size": [1, 1]},
								"up": {"uv": [1, 1], "uv_size": [-1, -1]},
								"down": {"uv": [1, 1], "uv_size": [-1, -1]}
							}
						}
					]
				},
				{
					"name": "right_wing",
					"parent": "body",
					"pivot": [-0.5, 4, 1],
					"cubes": [
						{
							"origin": [0.1, 4.6, 4.6],
							"size": [-1.2, -4.2, -3.2],
							"uv": {
								"north": {"uv": [0, 0], "uv_size": [1, 1]},
								"east": {"uv": [0, 0], "uv_size": [1, 1]},
								"south": {"uv": [0, 0], "uv_size": [1, 1]},
								"west": {"uv": [0, 0], "uv_size": [1, 1]},
								"up": {"uv": [1, 1], "uv_size": [-1, -1]},
								"down": {"uv": [1, 1], "uv_size": [-1, -1]}
							}
						},
						{
							"origin": [0.1, 1.6, 4.6],
							"size": [-1.2, -2.2, -2.2],
							"uv": {
								"north": {"uv": [0, 0], "uv_size": [1, 1]},
								"east": {"uv": [0, 0], "uv_size": [1, 1]},
								"south": {"uv": [0, 0], "uv_size": [1, 1]},
								"west": {"uv": [0, 0], "uv_size": [1, 1]},
								"up": {"uv": [1, 1], "uv_size": [-1, -1]},
								"down": {"uv": [1, 1], "uv_size": [-1, -1]}
							}
						},
						{
							"origin": [0.1, 4.6, 2.6],
							"size": [-1.2, -2.2, -2.2],
							"uv": {
								"north": {"uv": [0, 0], "uv_size": [1, 1]},
								"east": {"uv": [0, 0], "uv_size": [1, 1]},
								"south": {"uv": [0, 0], "uv_size": [1, 1]},
								"west": {"uv": [0, 0], "uv_size": [1, 1]},
								"up": {"uv": [1, 1], "uv_size": [-1, -1]},
								"down": {"uv": [1, 1], "uv_size": [-1, -1]}
							}
						},
						{
							"origin": [0.1, 3.6, 9.6],
							"size": [-1.2, -2.2, -6.2],
							"uv": {
								"north": {"uv": [0, 0], "uv_size": [1, 1]},
								"east": {"uv": [0, 0], "uv_size": [1, 1]},
								"south": {"uv": [0, 0], "uv_size": [1, 1]},
								"west": {"uv": [0, 0], "uv_size": [1, 1]},
								"up": {"uv": [1, 1], "uv_size": [-1, -1]},
								"down": {"uv": [1, 1], "uv_size": [-1, -1]}
							}
						},
						{
							"origin": [0.1, 2.6, 7.6],
							"size": [-1.2, -2.2, -3.2],
							"uv": {
								"north": {"uv": [0, 0], "uv_size": [1, 1]},
								"east": {"uv": [0, 0], "uv_size": [1, 1]},
								"south": {"uv": [0, 0], "uv_size": [1, 1]},
								"west": {"uv": [0, 0], "uv_size": [1, 1]},
								"up": {"uv": [1, 1], "uv_size": [-1, -1]},
								"down": {"uv": [1, 1], "uv_size": [-1, -1]}
							}
						},
						{
							"origin": [0.1, 1.6, 8.6],
							"size": [-1.2, -2.2, -3.2],
							"uv": {
								"north": {"uv": [0, 0], "uv_size": [1, 1]},
								"east": {"uv": [0, 0], "uv_size": [1, 1]},
								"south": {"uv": [0, 0], "uv_size": [1, 1]},
								"west": {"uv": [0, 0], "uv_size": [1, 1]},
								"up": {"uv": [1, 1], "uv_size": [-1, -1]},
								"down": {"uv": [1, 1], "uv_size": [-1, -1]}
							}
						},
						{
							"origin": [0.1, 0.6, 8.6],
							"size": [-1.2, -2.2, -2.2],
							"uv": {
								"north": {"uv": [0, 0], "uv_size": [1, 1]},
								"east": {"uv": [0, 0], "uv_size": [1, 1]},
								"south": {"uv": [0, 0], "uv_size": [1, 1]},
								"west": {"uv": [0, 0], "uv_size": [1, 1]},
								"up": {"uv": [1, 1], "uv_size": [-1, -1]},
								"down": {"uv": [1, 1], "uv_size": [-1, -1]}
							}
						}
					]
				}
			]
		}
	]
}