{
	"format_version": "1.21.0",
	"minecraft:geometry": [
		{
			"description": {
				"identifier": "geometry.armadillo_glow",
				"texture_width": 64,
				"texture_height": 64,
				"visible_bounds_width": 4,
				"visible_bounds_height": 2.5,
				"visible_bounds_offset": [0, 0.75, 0]
			},
			"bones": [
				{
					"name": "body",
					"pivot": [0, 3, 4],
					"cubes": [
						{
							"origin": [-4.32, 10.3, -6.48],
							"size": [8.64, 0, 12.96],
							"inflate": 0.6,
							"uv": {
								"north": {"uv": [0, 0], "uv_size": [64, 64]},
								"east": {"uv": [0, 0], "uv_size": [64, 64]},
								"south": {"uv": [0, 0], "uv_size": [64, 64]},
								"west": {"uv": [0, 0], "uv_size": [64, 64]},
								"up": {"uv": [64, 64], "uv_size": [-64, -64]},
								"down": {"uv": [64, 64], "uv_size": [-64, -64]}
							}
						},
						{
							"origin": [3.24, 1.66, -6.48],
							"size": [1.08, 1.08, 0],
							"inflate": 0.6,
							"uv": {
								"north": {"uv": [0, 0], "uv_size": [64, 64]},
								"east": {"uv": [0, 0], "uv_size": [64, 64]},
								"south": {"uv": [0, 0], "uv_size": [64, 64]},
								"west": {"uv": [0, 0], "uv_size": [64, 64]},
								"up": {"uv": [64, 64], "uv_size": [-64, -64]},
								"down": {"uv": [64, 64], "uv_size": [-64, -64]}
							}
						},
						{
							"origin": [2.16, 2.74, -6.48],
							"size": [2.16, 1.08, 0],
							"inflate": 0.6,
							"uv": {
								"north": {"uv": [0, 0], "uv_size": [64, 64]},
								"east": {"uv": [0, 0], "uv_size": [64, 64]},
								"south": {"uv": [0, 0], "uv_size": [64, 64]},
								"west": {"uv": [0, 0], "uv_size": [64, 64]},
								"up": {"uv": [64, 64], "uv_size": [-64, -64]},
								"down": {"uv": [64, 64], "uv_size": [-64, -64]}
							}
						},
						{
							"origin": [1.08, 3.82, -6.48],
							"size": [3.24, 2.16, 0],
							"inflate": 0.6,
							"uv": {
								"north": {"uv": [0, 0], "uv_size": [64, 64]},
								"east": {"uv": [0, 0], "uv_size": [64, 64]},
								"south": {"uv": [0, 0], "uv_size": [64, 64]},
								"west": {"uv": [0, 0], "uv_size": [64, 64]},
								"up": {"uv": [64, 64], "uv_size": [-64, -64]},
								"down": {"uv": [64, 64], "uv_size": [-64, -64]}
							}
						},
						{
							"origin": [-4.32, 1.66, -6.48],
							"size": [1.08, 1.08, 0],
							"inflate": 0.6,
							"uv": {
								"north": {"uv": [0, 0], "uv_size": [64, 64]},
								"east": {"uv": [0, 0], "uv_size": [64, 64]},
								"south": {"uv": [0, 0], "uv_size": [64, 64]},
								"west": {"uv": [0, 0], "uv_size": [64, 64]},
								"up": {"uv": [64, 64], "uv_size": [-64, -64]},
								"down": {"uv": [64, 64], "uv_size": [-64, -64]}
							}
						},
						{
							"origin": [-4.32, 2.74, -6.48],
							"size": [2.16, 1.08, 0],
							"inflate": 0.6,
							"uv": {
								"north": {"uv": [0, 0], "uv_size": [64, 64]},
								"east": {"uv": [0, 0], "uv_size": [64, 64]},
								"south": {"uv": [0, 0], "uv_size": [64, 64]},
								"west": {"uv": [0, 0], "uv_size": [64, 64]},
								"up": {"uv": [64, 64], "uv_size": [-64, -64]},
								"down": {"uv": [64, 64], "uv_size": [-64, -64]}
							}
						},
						{
							"origin": [-4.32, 3.82, -6.48],
							"size": [3.24, 2.16, 0],
							"inflate": 0.6,
							"uv": {
								"north": {"uv": [0, 0], "uv_size": [64, 64]},
								"east": {"uv": [0, 0], "uv_size": [64, 64]},
								"south": {"uv": [0, 0], "uv_size": [64, 64]},
								"west": {"uv": [0, 0], "uv_size": [64, 64]},
								"up": {"uv": [64, 64], "uv_size": [-64, -64]},
								"down": {"uv": [64, 64], "uv_size": [-64, -64]}
							}
						},
						{
							"origin": [-4.32, 5.98, -6.48],
							"size": [8.64, 4.32, 0],
							"inflate": 0.6,
							"uv": {
								"north": {"uv": [0, 0], "uv_size": [64, 64]},
								"east": {"uv": [0, 0], "uv_size": [64, 64]},
								"south": {"uv": [0, 0], "uv_size": [64, 64]},
								"west": {"uv": [0, 0], "uv_size": [64, 64]},
								"up": {"uv": [64, 64], "uv_size": [-64, -64]},
								"down": {"uv": [64, 64], "uv_size": [-64, -64]}
							}
						},
						{
							"origin": [2.16, 1.66, 6.48],
							"size": [2.16, 2.16, 0],
							"inflate": 0.6,
							"uv": {
								"north": {"uv": [0, 0], "uv_size": [64, 64]},
								"east": {"uv": [0, 0], "uv_size": [64, 64]},
								"south": {"uv": [0, 0], "uv_size": [64, 64]},
								"west": {"uv": [0, 0], "uv_size": [64, 64]},
								"up": {"uv": [64, 64], "uv_size": [-64, -64]},
								"down": {"uv": [64, 64], "uv_size": [-64, -64]}
							}
						},
						{
							"origin": [1.08, 3.82, 6.48],
							"size": [3.24, 6.48, 0],
							"inflate": 0.6,
							"uv": {
								"north": {"uv": [0, 0], "uv_size": [64, 64]},
								"east": {"uv": [0, 0], "uv_size": [64, 64]},
								"south": {"uv": [0, 0], "uv_size": [64, 64]},
								"west": {"uv": [0, 0], "uv_size": [64, 64]},
								"up": {"uv": [64, 64], "uv_size": [-64, -64]},
								"down": {"uv": [64, 64], "uv_size": [-64, -64]}
							}
						},
						{
							"origin": [-1.08, 5.98, 6.48],
							"size": [2.16, 4.32, 0],
							"inflate": 0.6,
							"uv": {
								"north": {"uv": [0, 0], "uv_size": [64, 64]},
								"east": {"uv": [0, 0], "uv_size": [64, 64]},
								"south": {"uv": [0, 0], "uv_size": [64, 64]},
								"west": {"uv": [0, 0], "uv_size": [64, 64]},
								"up": {"uv": [64, 64], "uv_size": [-64, -64]},
								"down": {"uv": [64, 64], "uv_size": [-64, -64]}
							}
						},
						{
							"origin": [-4.32, 1.66, 6.48],
							"size": [2.16, 2.16, 0],
							"inflate": 0.6,
							"uv": {
								"north": {"uv": [0, 0], "uv_size": [64, 64]},
								"east": {"uv": [0, 0], "uv_size": [64, 64]},
								"south": {"uv": [0, 0], "uv_size": [64, 64]},
								"west": {"uv": [0, 0], "uv_size": [64, 64]},
								"up": {"uv": [64, 64], "uv_size": [-64, -64]},
								"down": {"uv": [64, 64], "uv_size": [-64, -64]}
							}
						},
						{
							"origin": [-4.32, 3.82, 6.48],
							"size": [3.24, 6.48, 0],
							"inflate": 0.6,
							"uv": {
								"north": {"uv": [0, 0], "uv_size": [64, 64]},
								"east": {"uv": [0, 0], "uv_size": [64, 64]},
								"south": {"uv": [0, 0], "uv_size": [64, 64]},
								"west": {"uv": [0, 0], "uv_size": [64, 64]},
								"up": {"uv": [64, 64], "uv_size": [-64, -64]},
								"down": {"uv": [64, 64], "uv_size": [-64, -64]}
							}
						},
						{
							"origin": [-4.32, 1.66, -6.48],
							"size": [0, 8.64, 4.32],
							"inflate": 0.6,
							"uv": {
								"north": {"uv": [0, 0], "uv_size": [64, 64]},
								"east": {"uv": [0, 0], "uv_size": [64, 64]},
								"south": {"uv": [0, 0], "uv_size": [64, 64]},
								"west": {"uv": [0, 0], "uv_size": [64, 64]},
								"up": {"uv": [64, 64], "uv_size": [-64, -64]},
								"down": {"uv": [64, 64], "uv_size": [-64, -64]}
							}
						},
						{
							"origin": [-4.32, 1.66, -1.08],
							"size": [0, 1.08, 1.08],
							"inflate": 0.6,
							"uv": {
								"north": {"uv": [0, 0], "uv_size": [64, 64]},
								"east": {"uv": [0, 0], "uv_size": [64, 64]},
								"south": {"uv": [0, 0], "uv_size": [64, 64]},
								"west": {"uv": [0, 0], "uv_size": [64, 64]},
								"up": {"uv": [64, 64], "uv_size": [-64, -64]},
								"down": {"uv": [64, 64], "uv_size": [-64, -64]}
							}
						},
						{
							"origin": [-4.32, 1.66, 1.08],
							"size": [0, 1.08, 1.08],
							"inflate": 0.6,
							"uv": {
								"north": {"uv": [0, 0], "uv_size": [64, 64]},
								"east": {"uv": [0, 0], "uv_size": [64, 64]},
								"south": {"uv": [0, 0], "uv_size": [64, 64]},
								"west": {"uv": [0, 0], "uv_size": [64, 64]},
								"up": {"uv": [64, 64], "uv_size": [-64, -64]},
								"down": {"uv": [64, 64], "uv_size": [-64, -64]}
							}
						},
						{
							"origin": [-4.32, 2.74, -2.16],
							"size": [0, 7.56, 5.4],
							"inflate": 0.6,
							"uv": {
								"north": {"uv": [0, 0], "uv_size": [64, 64]},
								"east": {"uv": [0, 0], "uv_size": [64, 64]},
								"south": {"uv": [0, 0], "uv_size": [64, 64]},
								"west": {"uv": [0, 0], "uv_size": [64, 64]},
								"up": {"uv": [64, 64], "uv_size": [-64, -64]},
								"down": {"uv": [64, 64], "uv_size": [-64, -64]}
							}
						},
						{
							"origin": [-4.32, 1.66, 3.24],
							"size": [0, 8.64, 3.24],
							"inflate": 0.6,
							"uv": {
								"north": {"uv": [0, 0], "uv_size": [64, 64]},
								"east": {"uv": [0, 0], "uv_size": [64, 64]},
								"south": {"uv": [0, 0], "uv_size": [64, 64]},
								"west": {"uv": [0, 0], "uv_size": [64, 64]},
								"up": {"uv": [64, 64], "uv_size": [-64, -64]},
								"down": {"uv": [64, 64], "uv_size": [-64, -64]}
							}
						},
						{
							"origin": [4.32, 1.66, -6.48],
							"size": [0, 8.64, 4.32],
							"inflate": 0.6,
							"uv": {
								"north": {"uv": [0, 0], "uv_size": [64, 64]},
								"east": {"uv": [0, 0], "uv_size": [64, 64]},
								"south": {"uv": [0, 0], "uv_size": [64, 64]},
								"west": {"uv": [0, 0], "uv_size": [64, 64]},
								"up": {"uv": [64, 64], "uv_size": [-64, -64]},
								"down": {"uv": [64, 64], "uv_size": [-64, -64]}
							}
						},
						{
							"origin": [4.32, 1.66, -1.08],
							"size": [0, 1.08, 1.08],
							"inflate": 0.6,
							"uv": {
								"north": {"uv": [0, 0], "uv_size": [64, 64]},
								"east": {"uv": [0, 0], "uv_size": [64, 64]},
								"south": {"uv": [0, 0], "uv_size": [64, 64]},
								"west": {"uv": [0, 0], "uv_size": [64, 64]},
								"up": {"uv": [64, 64], "uv_size": [-64, -64]},
								"down": {"uv": [64, 64], "uv_size": [-64, -64]}
							}
						},
						{
							"origin": [4.32, 1.66, 1.08],
							"size": [0, 1.08, 1.08],
							"inflate": 0.6,
							"uv": {
								"north": {"uv": [0, 0], "uv_size": [64, 64]},
								"east": {"uv": [0, 0], "uv_size": [64, 64]},
								"south": {"uv": [0, 0], "uv_size": [64, 64]},
								"west": {"uv": [0, 0], "uv_size": [64, 64]},
								"up": {"uv": [64, 64], "uv_size": [-64, -64]},
								"down": {"uv": [64, 64], "uv_size": [-64, -64]}
							}
						},
						{
							"origin": [4.32, 2.74, -2.16],
							"size": [0, 7.56, 5.4],
							"inflate": 0.6,
							"uv": {
								"north": {"uv": [0, 0], "uv_size": [64, 64]},
								"east": {"uv": [0, 0], "uv_size": [64, 64]},
								"south": {"uv": [0, 0], "uv_size": [64, 64]},
								"west": {"uv": [0, 0], "uv_size": [64, 64]},
								"up": {"uv": [64, 64], "uv_size": [-64, -64]},
								"down": {"uv": [64, 64], "uv_size": [-64, -64]}
							}
						},
						{
							"origin": [4.32, 1.66, 3.24],
							"size": [0, 8.64, 3.24],
							"inflate": 0.6,
							"uv": {
								"north": {"uv": [0, 0], "uv_size": [64, 64]},
								"east": {"uv": [0, 0], "uv_size": [64, 64]},
								"south": {"uv": [0, 0], "uv_size": [64, 64]},
								"west": {"uv": [0, 0], "uv_size": [64, 64]},
								"up": {"uv": [64, 64], "uv_size": [-64, -64]},
								"down": {"uv": [64, 64], "uv_size": [-64, -64]}
							}
						},
						{
							"origin": [-4, 2, -6],
							"size": [8, 8, 12],
							"inflate": 0.6,
							"uv": {
								"north": {"uv": [0, 0], "uv_size": [64, 64]},
								"east": {"uv": [0, 0], "uv_size": [64, 64]},
								"south": {"uv": [0, 0], "uv_size": [64, 64]},
								"west": {"uv": [0, 0], "uv_size": [64, 64]},
								"up": {"uv": [64, 64], "uv_size": [-64, -64]},
								"down": {"uv": [64, 64], "uv_size": [-64, -64]}
							}
						}
					],
					"locators": {
						"lead": [0, 5, -7]
					}
				},
				{
					"name": "tail",
					"parent": "body",
					"pivot": [0, 6, 5],
					"rotation": [29, 0, 0],
					"cubes": [
						{
							"origin": [-0.5, 0.08645, 5.09326],
							"size": [1, 6, 1],
							"inflate": 0.6,
							"uv": {
								"north": {"uv": [0, 0], "uv_size": [64, 64]},
								"east": {"uv": [0, 0], "uv_size": [64, 64]},
								"south": {"uv": [0, 0], "uv_size": [64, 64]},
								"west": {"uv": [0, 0], "uv_size": [64, 64]},
								"up": {"uv": [64, 64], "uv_size": [-64, -64]},
								"down": {"uv": [64, 64], "uv_size": [-64, -64]}
							}
						}
					]
				},
				{
					"name": "head",
					"parent": "body",
					"pivot": [0, 5, -7],
					"cubes": [
						{
							"origin": [-1.5, 1, -8],
							"size": [3, 5, 2],
							"inflate": 0.6,
							"pivot": [0, 5, -7],
							"rotation": [-22.5, 0, 0],
							"uv": {
								"north": {"uv": [0, 0], "uv_size": [64, 64]},
								"east": {"uv": [0, 0], "uv_size": [64, 64]},
								"south": {"uv": [0, 0], "uv_size": [64, 64]},
								"west": {"uv": [0, 0], "uv_size": [64, 64]},
								"up": {"uv": [64, 64], "uv_size": [-64, -64]},
								"down": {"uv": [64, 64], "uv_size": [-64, -64]}
							}
						}
					]
				},
				{
					"name": "right_ear",
					"parent": "head",
					"pivot": [-1, 6, -7],
					"cubes": [
						{
							"origin": [-2.5, 5, -7.6],
							"size": [1, 4, 0],
							"inflate": 0.6,
							"pivot": [-1.5, 6, -7.6],
							"rotation": [10.80524, -22.13991, -4.11405],
							"uv": {
								"north": {"uv": [32, 0], "uv_size": [32, 64]},
								"east": {"uv": [0, 0], "uv_size": [64, 64]},
								"south": {"uv": [0, 0], "uv_size": [64, 64]},
								"west": {"uv": [0, 0], "uv_size": [64, 64]},
								"up": {"uv": [64, 64], "uv_size": [-64, -64]},
								"down": {"uv": [64, 64], "uv_size": [-64, -64]}
							}
						},
						{
							"origin": [-3.5, 6, -7.6],
							"size": [1, 3, 0],
							"inflate": 0.6,
							"pivot": [-1.5, 6, -7.6],
							"rotation": [10.80524, -22.13991, -4.11405],
							"uv": {
								"north": {"uv": [0, 0], "uv_size": [32, 64]},
								"east": {"uv": [0, 0], "uv_size": [64, 64]},
								"south": {"uv": [0, 0], "uv_size": [64, 64]},
								"west": {"uv": [0, 0], "uv_size": [64, 64]},
								"up": {"uv": [64, 64], "uv_size": [-64, -64]},
								"down": {"uv": [64, 64], "uv_size": [-64, -64]}
							}
						}
					]
				},
				{
					"name": "left_ear",
					"parent": "head",
					"pivot": [1, 7, -7],
					"cubes": [
						{
							"origin": [2.5, 6, -7.6],
							"size": [1, 3, 0],
							"inflate": 0.6,
							"pivot": [1.5, 6, -7.6],
							"rotation": [10.80524, 22.13991, 4.11405],
							"uv": {
								"north": {"uv": [32, 0], "uv_size": [32, 64]},
								"east": {"uv": [0, 0], "uv_size": [64, 64]},
								"south": {"uv": [0, 0], "uv_size": [64, 64]},
								"west": {"uv": [0, 0], "uv_size": [64, 64]},
								"up": {"uv": [64, 64], "uv_size": [-64, -64]},
								"down": {"uv": [64, 64], "uv_size": [-64, -64]}
							}
						},
						{
							"origin": [1.5, 5, -7.6],
							"size": [1, 4, 0],
							"inflate": 0.6,
							"pivot": [1.5, 6, -7.6],
							"rotation": [10.80524, 22.13991, 4.11405],
							"uv": {
								"north": {"uv": [0, 0], "uv_size": [32, 64]},
								"east": {"uv": [0, 0], "uv_size": [64, 64]},
								"south": {"uv": [0, 0], "uv_size": [64, 64]},
								"west": {"uv": [0, 0], "uv_size": [64, 64]},
								"up": {"uv": [64, 64], "uv_size": [-64, -64]},
								"down": {"uv": [64, 64], "uv_size": [-64, -64]}
							}
						}
					]
				},
				{
					"name": "right_hind_leg",
					"pivot": [-2, 3, 4],
					"cubes": [
						{
							"origin": [-3, 0, 3],
							"size": [2, 3, 2],
							"inflate": 0.6,
							"uv": {
								"north": {"uv": [0, 0], "uv_size": [64, 64]},
								"east": {"uv": [0, 0], "uv_size": [64, 64]},
								"south": {"uv": [0, 0], "uv_size": [64, 64]},
								"west": {"uv": [0, 0], "uv_size": [64, 64]},
								"up": {"uv": [64, 64], "uv_size": [-64, -64]},
								"down": {"uv": [64, 64], "uv_size": [-64, -64]}
							}
						}
					]
				},
				{
					"name": "left_hind_leg",
					"pivot": [2, 3, 4],
					"cubes": [
						{
							"origin": [1, 0, 3],
							"size": [2, 3, 2],
							"inflate": 0.6,
							"uv": {
								"north": {"uv": [0, 0], "uv_size": [64, 64]},
								"east": {"uv": [0, 0], "uv_size": [64, 64]},
								"south": {"uv": [0, 0], "uv_size": [64, 64]},
								"west": {"uv": [0, 0], "uv_size": [64, 64]},
								"up": {"uv": [64, 64], "uv_size": [-64, -64]},
								"down": {"uv": [64, 64], "uv_size": [-64, -64]}
							}
						}
					]
				},
				{
					"name": "right_front_leg",
					"pivot": [-2, 3, -4],
					"cubes": [
						{
							"origin": [-3, 0, -5],
							"size": [2, 3, 2],
							"inflate": 0.6,
							"uv": {
								"north": {"uv": [0, 0], "uv_size": [64, 64]},
								"east": {"uv": [0, 0], "uv_size": [64, 64]},
								"south": {"uv": [0, 0], "uv_size": [64, 64]},
								"west": {"uv": [0, 0], "uv_size": [64, 64]},
								"up": {"uv": [64, 64], "uv_size": [-64, -64]},
								"down": {"uv": [64, 64], "uv_size": [-64, -64]}
							}
						}
					]
				},
				{
					"name": "left_front_leg",
					"pivot": [2, 3, -4],
					"cubes": [
						{
							"origin": [1, 0, -5],
							"size": [2, 3, 2],
							"inflate": 0.6,
							"uv": {
								"north": {"uv": [0, 0], "uv_size": [64, 64]},
								"east": {"uv": [0, 0], "uv_size": [64, 64]},
								"south": {"uv": [0, 0], "uv_size": [64, 64]},
								"west": {"uv": [0, 0], "uv_size": [64, 64]},
								"up": {"uv": [64, 64], "uv_size": [-64, -64]},
								"down": {"uv": [64, 64], "uv_size": [-64, -64]}
							}
						}
					]
				},
				{
					"name": "body_rolled_up",
					"pivot": [0, 0, 0],
					"cubes": [
						{
							"origin": [-5, 0, -6],
							"size": [10, 10, 10],
							"inflate": 0.6,
							"uv": {
								"north": {"uv": [0, 0], "uv_size": [64, 64]},
								"east": {"uv": [0, 0], "uv_size": [64, 64]},
								"south": {"uv": [0, 0], "uv_size": [64, 64]},
								"west": {"uv": [0, 0], "uv_size": [64, 64]},
								"up": {"uv": [64, 64], "uv_size": [-64, -64]},
								"down": {"uv": [64, 64], "uv_size": [-64, -64]}
							}
						}
					]
				}
			]
		}
	]
}