{
	"format_version": "1.21.0",
	"minecraft:geometry": [
		{
			"description": {
				"identifier": "geometry.armadillo",
				"texture_width": 64,
				"texture_height": 64,
				"visible_bounds_width": 5,
				"visible_bounds_height": 2.5,
				"visible_bounds_offset": [0, 0.75, 0]
			},
			"bones": [
				{
					"name": "body",
					"pivot": [0, 3, 4],
					"cubes": [
						{"origin": [-4, 2, -6], "size": [8, 8, 12], "inflate": 0.3, "uv": [0, 20]},
						{"origin": [-4, 2, -6], "size": [8, 8, 12], "uv": [0, 40]}
					],
					"locators": {
						"lead": [0, 5, -7]
					}
				},
				{
					"name": "tail",
					"parent": "body",
					"pivot": [0, 6, 5],
					"rotation": [29, 0, 0],
					"cubes": [
						{"origin": [-0.5, 0.08645, 5.09326], "size": [1, 6, 1], "uv": [44, 53]}
					]
				},
				{
					"name": "head",
					"parent": "body",
					"pivot": [0, 5, -7],
					"cubes": [
						{"origin": [-1.5, 1, -8], "size": [3, 5, 2], "pivot": [0, 5, -7], "rotation": [-22.5, 0, 0], "uv": [43, 15]}
					]
				},
				{
					"name": "right_ear",
					"parent": "head",
					"pivot": [-1, 6, -7],
					"cubes": [
						{"origin": [-3.5, 4, -7.6], "size": [2, 5, 0], "pivot": [-1.5, 6, -7.6], "rotation": [10.80524, -22.13991, -4.11405], "uv": [43, 10]}
					]
				},
				{
					"name": "left_ear",
					"parent": "head",
					"pivot": [1, 7, -7],
					"cubes": [
						{"origin": [1.5, 4, -7.6], "size": [2, 5, 0], "pivot": [1.5, 6, -7.6], "rotation": [10.80524, 22.13991, 4.11405], "uv": [47, 10]}
					]
				},
				{
					"name": "right_hind_leg",
					"pivot": [-2, 3, 4],
					"cubes": [
						{"origin": [-3, 0, 3], "size": [2, 3, 2], "uv": [51, 31]}
					]
				},
				{
					"name": "left_hind_leg",
					"pivot": [2, 3, 4],
					"cubes": [
						{"origin": [1, 0, 3], "size": [2, 3, 2], "uv": [42, 31]}
					]
				},
				{
					"name": "right_front_leg",
					"pivot": [-2, 3, -4],
					"cubes": [
						{"origin": [-3, 0, -5], "size": [2, 3, 2], "uv": [51, 43]}
					]
				},
				{
					"name": "left_front_leg",
					"pivot": [2, 3, -4],
					"cubes": [
						{"origin": [1, 0, -5], "size": [2, 3, 2], "uv": [42, 43]}
					]
				},
				{
					"name": "body_rolled_up",
					"pivot": [0, 0, 0],
					"cubes": [
						{"origin": [-5, 0, -6], "size": [10, 10, 10], "uv": [0, 0]}
					]
				}
			]
		}
	]
}