{
	"format_version": "1.12.0",
	"minecraft:geometry": [
		{
			"description": {
				"identifier": "geometry.axolotl",
				"texture_width": 64,
				"texture_height": 64,
				"visible_bounds_width": 1.5,
				"visible_bounds_height": 0.25,
				"visible_bounds_offset": [0, 0.75, 0]
			},
			"bones": [
				{
					"name": "root",
					"pivot": [0, -4, 0]
				},
				{
					"name": "body",
					"parent": "root",
					"pivot": [ 0, 3, 4 ],
					"cubes": [
						{
							"origin": [ -4, 0, -5 ],
							"size": [ 8, 4, 10 ],
							"uv": [ 0, 11 ]
						},
						{
							"origin": [ 0, 0, -5 ],
							"size": [ 0, 5, 9 ],
							"uv": [ 2, 17 ]
						}
					],
					"locators": {
						"lead": [ 0, 0, -5 ]
					}
				},
				{
					"name": "right_arm",
					"parent": "body",
					"pivot": [-4, 1, -4],
					"rotation": [0, -90, 0],
					"cubes": [
						{"origin": [-6, -4, -4], "size": [3, 5, 0], "uv": [2, 13]}
					]
				},
				{
					"name": "right_leg",
					"parent": "body",
					"pivot": [-4, 1, 4],
					"rotation": [0, 90, 0],
					"cubes": [
						{"origin": [-5, -4, 4], "size": [3, 5, 0], "uv": [2, 13]}
					]
				},
				{
					"name": "left_arm",
					"parent": "body",
					"pivot": [4, 1, -4],
					"rotation": [0, 90, 0],
					"cubes": [
						{"origin": [3, -4, -4], "size": [3, 5, 0], "pivot": [4, 1, -4], "rotation": [0, 0, 0], "uv": [2, 13]}
					]
				},
				{
					"name": "left_leg",
					"parent": "body",
					"pivot": [4, 1, 4],
					"rotation": [0, -90, 0],
					"cubes": [
						{"origin": [2, -4, 4], "size": [3, 5, 0], "uv": [2, 13]}
					]
				},
				{
					"name": "tail",
					"parent": "body",
					"pivot": [0, 2, 4],
					"cubes": [
						{"origin": [0, 0, 4], "size": [0, 5, 12], "uv": [2, 19]}
					]
				},
				{
					"name": "head",
					"parent": "body",
					"pivot": [0, 2, -5],
					"reset": true,
					"cubes": [
						{"origin": [-4, 0, -10], "size": [8, 5, 5], "uv": [0, 1]}
					]
				},
				{
					"name": "left_gills",
					"parent": "head",
					"pivot": [4, 2, -6],
					"cubes": [
						{"origin": [4, 0, -6], "size": [3, 7, 0], "uv": [11, 40]}
					]
				},
				{
					"name": "right_gills",
					"parent": "head",
					"pivot": [-4, 2, -6],
					"cubes": [
						{"origin": [-7, 0, -6], "size": [3, 7, 0], "uv": [0, 40]}
					]
				},
				{
					"name": "top_gills",
					"parent": "head",
					"pivot": [0, 5, -6],
					"cubes": [
						{"origin": [-4, 5, -6], "size": [8, 3, 0], "uv": [3, 37]}
					]
				}
			]
		}
	]
}