{
	"format_version": "1.12.0",
	"minecraft:geometry": [
		{
			"description": {
				"identifier": "geometry.bat_v2",
				"texture_width": 32,
				"texture_height": 32,
				"visible_bounds_width": 4,
				"visible_bounds_height": 3,
				"visible_bounds_offset": [0, 1.5, 0]
			},
			"bones": [
				{
					"name": "Head",
					"pivot": [0, 7, 0],
					"cubes": [
						{"origin": [-2, 7, -1], "size": [4, 3, 2], "uv": [0, 7]}
					]
				},
				{
					"name": "rightEar",
					"parent": "Head",
					"pivot": [-1.5, 9, 0],
					"cubes": [
						{"origin": [-4, 8, 0], "size": [3, 5, 0], "uv": [1, 15]}
					]
				},
				{
					"name": "leftEar",
					"parent": "Head",
					"pivot": [1.1, 10, 0],
					"cubes": [
						{"origin": [1, 8, 0], "size": [3, 5, 0], "uv": [8, 15]}
					]
				},
				{
					"name": "body",
					"pivot": [0, 7, 0],
					"cubes": [
						{"origin": [-1.5, 2, -1], "size": [3, 5, 2], "uv": [0, 0]}
					]
				},
				{
					"name": "feet",
					"parent": "body",
					"pivot": [0, 2, 0],
					"cubes": [
						{"origin": [-1.5, 0, 0], "size": [3, 2, 0], "uv": [16, 16]}
					]
				},
				{
					"name": "rightWing",
					"parent": "body",
					"pivot": [-1.5, 7, 0],
					"cubes": [
						{"origin": [-3.5, 2, 0], "size": [2, 7, 0], "uv": [12, 0]}
					]
				},
				{
					"name": "rightWingTip",
					"parent": "rightWing",
					"pivot": [-3.5, 7, 0],
					"cubes": [
						{"origin": [-9.5, 1, 0], "size": [6, 8, 0], "uv": [16, 0]}
					]
				},
				{
					"name": "leftWing",
					"parent": "body",
					"pivot": [1.5, 7, 0],
					"cubes": [
						{"origin": [1.5, 2, 0], "size": [2, 7, 0], "uv": [12, 7]}
					]
				},
				{
					"name": "leftWingTip",
					"parent": "leftWing",
					"pivot": [3.5, 7, 0],
					"cubes": [
						{"origin": [3.5, 1, 0], "size": [6, 8, 0], "uv": [16, 8]}
					]
				}
			]
		}
	]
}
