{
	"format_version": "1.21.0",
	"minecraft:geometry": [
		{
			"description": {
				"identifier": "geometry.bee_glow",
				"texture_width": 64,
				"texture_height": 64,
				"visible_bounds_width": 9,
				"visible_bounds_height": 3,
				"visible_bounds_offset": [0, 0.5, 0]
			},
			"bones": [
				{
					"name": "body",
					"pivot": [0.5, 5, 0],
					"cubes": [
						{
							"origin": [2.6, 8.6, -4.4],
							"size": [-1.2, -2.2, -2.2],
							"uv": {
								"north": {"uv": [0, 0], "uv_size": [1, 1]},
								"east": {"uv": [0, 0], "uv_size": [1, 1]},
								"south": {"uv": [0, 0], "uv_size": [1, 1]},
								"west": {"uv": [0, 0], "uv_size": [1, 1]},
								"up": {"uv": [1, 1], "uv_size": [-1, -1]},
								"down": {"uv": [1, 1], "uv_size": [-1, -1]}
							}
						},
						{
							"origin": [2.6, 9.6, -5.4],
							"size": [-1.2, -2.2, -3.2],
							"uv": {
								"north": {"uv": [0, 0], "uv_size": [1, 1]},
								"east": {"uv": [0, 0], "uv_size": [1, 1]},
								"south": {"uv": [0, 0], "uv_size": [1, 1]},
								"west": {"uv": [0, 0], "uv_size": [1, 1]},
								"up": {"uv": [1, 1], "uv_size": [-1, -1]},
								"down": {"uv": [1, 1], "uv_size": [-1, -1]}
							}
						},
						{
							"origin": [-0.4, 8.6, -4.4],
							"size": [-1.2, -2.2, -2.2],
							"uv": {
								"north": {"uv": [0, 0], "uv_size": [1, 1]},
								"east": {"uv": [0, 0], "uv_size": [1, 1]},
								"south": {"uv": [0, 0], "uv_size": [1, 1]},
								"west": {"uv": [0, 0], "uv_size": [1, 1]},
								"up": {"uv": [1, 1], "uv_size": [-1, -1]},
								"down": {"uv": [1, 1], "uv_size": [-1, -1]}
							}
						},
						{
							"origin": [-0.4, 9.6, -5.4],
							"size": [-1.2, -2.2, -3.2],
							"uv": {
								"north": {"uv": [0, 0], "uv_size": [1, 1]},
								"east": {"uv": [0, 0], "uv_size": [1, 1]},
								"south": {"uv": [0, 0], "uv_size": [1, 1]},
								"west": {"uv": [0, 0], "uv_size": [1, 1]},
								"up": {"uv": [1, 1], "uv_size": [-1, -1]},
								"down": {"uv": [1, 1], "uv_size": [-1, -1]}
							}
						},
						{
							"origin": [4.6, 9.6, 5.6],
							"size": [-8.2, -8.2, -11.2],
							"uv": {
								"north": {"uv": [0, 0], "uv_size": [1, 1]},
								"east": {"uv": [0, 0], "uv_size": [1, 1]},
								"south": {"uv": [0, 0], "uv_size": [1, 1]},
								"west": {"uv": [0, 0], "uv_size": [1, 1]},
								"up": {"uv": [1, 1], "uv_size": [-1, -1]},
								"down": {"uv": [1, 1], "uv_size": [-1, -1]}
							}
						}
					]
				},
				{
					"name": "rightwing_bone",
					"parent": "body",
					"pivot": [-1, 9, -3],
					"rotation": [15, -15, 0],
					"cubes": [
						{
							"origin": [-1.4, 9.6, -1.4],
							"size": [-3.2, -1.2, -2.2],
							"uv": {
								"north": {"uv": [0, 0], "uv_size": [1, 1], "uv_rotation": 180},
								"east": {"uv": [0, 0], "uv_size": [1, 1], "uv_rotation": 180},
								"south": {"uv": [0, 0], "uv_size": [1, 1], "uv_rotation": 180},
								"west": {"uv": [0, 0], "uv_size": [1, 1], "uv_rotation": 180},
								"up": {"uv": [1, 1], "uv_size": [-1, -1], "uv_rotation": 180},
								"down": {"uv": [1, 1], "uv_size": [-1, -1], "uv_rotation": 180}
							}
						},
						{
							"origin": [-6.4, 9.6, 2.6],
							"size": [-2.2, -1.2, -3.2],
							"uv": {
								"north": {"uv": [0, 0], "uv_size": [1, 1], "uv_rotation": 180},
								"east": {"uv": [0, 0], "uv_size": [1, 1], "uv_rotation": 180},
								"south": {"uv": [0, 0], "uv_size": [1, 1], "uv_rotation": 180},
								"west": {"uv": [0, 0], "uv_size": [1, 1], "uv_rotation": 180},
								"up": {"uv": [1, 1], "uv_size": [-1, -1], "uv_rotation": 180},
								"down": {"uv": [1, 1], "uv_size": [-1, -1], "uv_rotation": 180}
							}
						},
						{
							"origin": [-3.4, 9.6, -0.4],
							"size": [-3.2, -1.2, -2.2],
							"uv": {
								"north": {"uv": [0, 0], "uv_size": [1, 1], "uv_rotation": 180},
								"east": {"uv": [0, 0], "uv_size": [1, 1], "uv_rotation": 180},
								"south": {"uv": [0, 0], "uv_size": [1, 1], "uv_rotation": 180},
								"west": {"uv": [0, 0], "uv_size": [1, 1], "uv_rotation": 180},
								"up": {"uv": [1, 1], "uv_size": [-1, -1], "uv_rotation": 180},
								"down": {"uv": [1, 1], "uv_size": [-1, -1], "uv_rotation": 180}
							}
						},
						{
							"origin": [-1.4, 9.6, 1.6],
							"size": [-2.2, -1.2, -2.2],
							"uv": {
								"north": {"uv": [0, 0], "uv_size": [1, 1], "uv_rotation": 180},
								"east": {"uv": [0, 0], "uv_size": [1, 1], "uv_rotation": 180},
								"south": {"uv": [0, 0], "uv_size": [1, 1], "uv_rotation": 180},
								"west": {"uv": [0, 0], "uv_size": [1, 1], "uv_rotation": 180},
								"up": {"uv": [1, 1], "uv_size": [-1, -1], "uv_rotation": 180},
								"down": {"uv": [1, 1], "uv_size": [-1, -1], "uv_rotation": 180}
							}
						},
						{
							"origin": [-2.4, 9.6, 2.6],
							"size": [-2.2, -1.2, -2.2],
							"uv": {
								"north": {"uv": [0, 0], "uv_size": [1, 1], "uv_rotation": 180},
								"east": {"uv": [0, 0], "uv_size": [1, 1], "uv_rotation": 180},
								"south": {"uv": [0, 0], "uv_size": [1, 1], "uv_rotation": 180},
								"west": {"uv": [0, 0], "uv_size": [1, 1], "uv_rotation": 180},
								"up": {"uv": [1, 1], "uv_size": [-1, -1], "uv_rotation": 180},
								"down": {"uv": [1, 1], "uv_size": [-1, -1], "uv_rotation": 180}
							}
						},
						{
							"origin": [-3.4, 9.6, 1.6],
							"size": [-3.2, -1.2, -2.2],
							"uv": {
								"north": {"uv": [0, 0], "uv_size": [1, 1], "uv_rotation": 180},
								"east": {"uv": [0, 0], "uv_size": [1, 1], "uv_rotation": 180},
								"south": {"uv": [0, 0], "uv_size": [1, 1], "uv_rotation": 180},
								"west": {"uv": [0, 0], "uv_size": [1, 1], "uv_rotation": 180},
								"up": {"uv": [1, 1], "uv_size": [-1, -1], "uv_rotation": 180},
								"down": {"uv": [1, 1], "uv_size": [-1, -1], "uv_rotation": 180}
							}
						},
						{
							"origin": [-3.4, 9.6, 3.6],
							"size": [-4.2, -1.2, -2.2],
							"uv": {
								"north": {"uv": [0, 0], "uv_size": [1, 1], "uv_rotation": 180},
								"east": {"uv": [0, 0], "uv_size": [1, 1], "uv_rotation": 180},
								"south": {"uv": [0, 0], "uv_size": [1, 1], "uv_rotation": 180},
								"west": {"uv": [0, 0], "uv_size": [1, 1], "uv_rotation": 180},
								"up": {"uv": [1, 1], "uv_size": [-1, -1], "uv_rotation": 180},
								"down": {"uv": [1, 1], "uv_size": [-1, -1], "uv_rotation": 180}
							}
						},
						{
							"origin": [-5.4, 9.6, 0.6],
							"size": [-2.2, -1.2, -2.2],
							"uv": {
								"north": {"uv": [0, 0], "uv_size": [1, 1], "uv_rotation": 180},
								"east": {"uv": [0, 0], "uv_size": [1, 1], "uv_rotation": 180},
								"south": {"uv": [0, 0], "uv_size": [1, 1], "uv_rotation": 180},
								"west": {"uv": [0, 0], "uv_size": [1, 1], "uv_rotation": 180},
								"up": {"uv": [1, 1], "uv_size": [-1, -1], "uv_rotation": 180},
								"down": {"uv": [1, 1], "uv_size": [-1, -1], "uv_rotation": 180}
							}
						},
						{
							"origin": [-0.4, 9.6, 0.6],
							"size": [-2.2, -1.2, -3.2],
							"uv": {
								"north": {"uv": [0, 0], "uv_size": [1, 1], "uv_rotation": 180},
								"east": {"uv": [0, 0], "uv_size": [1, 1], "uv_rotation": 180},
								"south": {"uv": [0, 0], "uv_size": [1, 1], "uv_rotation": 180},
								"west": {"uv": [0, 0], "uv_size": [1, 1], "uv_rotation": 180},
								"up": {"uv": [1, 1], "uv_size": [-1, -1], "uv_rotation": 180},
								"down": {"uv": [1, 1], "uv_size": [-1, -1], "uv_rotation": 180}
							}
						}
					]
				},
				{
					"name": "leftwing_bone",
					"parent": "body",
					"pivot": [2, 9, -3],
					"rotation": [15, 15, 0],
					"cubes": [
						{
							"origin": [5.6, 9.6, -1.4],
							"size": [-3.2, -1.2, -2.2],
							"uv": {
								"north": {"uv": [0, 0], "uv_size": [1, 1], "uv_rotation": 180},
								"east": {"uv": [0, 0], "uv_size": [1, 1], "uv_rotation": 180},
								"south": {"uv": [0, 0], "uv_size": [1, 1], "uv_rotation": 180},
								"west": {"uv": [0, 0], "uv_size": [1, 1], "uv_rotation": 180},
								"up": {"uv": [1, 1], "uv_size": [-1, -1], "uv_rotation": 180},
								"down": {"uv": [1, 1], "uv_size": [-1, -1], "uv_rotation": 180}
							}
						},
						{
							"origin": [4.6, 9.6, 1.6],
							"size": [-2.2, -1.2, -2.2],
							"uv": {
								"north": {"uv": [0, 0], "uv_size": [1, 1], "uv_rotation": 180},
								"east": {"uv": [0, 0], "uv_size": [1, 1], "uv_rotation": 180},
								"south": {"uv": [0, 0], "uv_size": [1, 1], "uv_rotation": 180},
								"west": {"uv": [0, 0], "uv_size": [1, 1], "uv_rotation": 180},
								"up": {"uv": [1, 1], "uv_size": [-1, -1], "uv_rotation": 180},
								"down": {"uv": [1, 1], "uv_size": [-1, -1], "uv_rotation": 180}
							}
						},
						{
							"origin": [5.6, 9.6, 2.6],
							"size": [-2.2, -1.2, -2.2],
							"uv": {
								"north": {"uv": [0, 0], "uv_size": [1, 1], "uv_rotation": 180},
								"east": {"uv": [0, 0], "uv_size": [1, 1], "uv_rotation": 180},
								"south": {"uv": [0, 0], "uv_size": [1, 1], "uv_rotation": 180},
								"west": {"uv": [0, 0], "uv_size": [1, 1], "uv_rotation": 180},
								"up": {"uv": [1, 1], "uv_size": [-1, -1], "uv_rotation": 180},
								"down": {"uv": [1, 1], "uv_size": [-1, -1], "uv_rotation": 180}
							}
						},
						{
							"origin": [8.6, 9.6, 0.6],
							"size": [-2.2, -1.2, -2.2],
							"uv": {
								"north": {"uv": [0, 0], "uv_size": [1, 1], "uv_rotation": 180},
								"east": {"uv": [0, 0], "uv_size": [1, 1], "uv_rotation": 180},
								"south": {"uv": [0, 0], "uv_size": [1, 1], "uv_rotation": 180},
								"west": {"uv": [0, 0], "uv_size": [1, 1], "uv_rotation": 180},
								"up": {"uv": [1, 1], "uv_size": [-1, -1], "uv_rotation": 180},
								"down": {"uv": [1, 1], "uv_size": [-1, -1], "uv_rotation": 180}
							}
						},
						{
							"origin": [7.6, 9.6, -0.4],
							"size": [-3.2, -1.2, -2.2],
							"uv": {
								"north": {"uv": [0, 0], "uv_size": [1, 1], "uv_rotation": 180},
								"east": {"uv": [0, 0], "uv_size": [1, 1], "uv_rotation": 180},
								"south": {"uv": [0, 0], "uv_size": [1, 1], "uv_rotation": 180},
								"west": {"uv": [0, 0], "uv_size": [1, 1], "uv_rotation": 180},
								"up": {"uv": [1, 1], "uv_size": [-1, -1], "uv_rotation": 180},
								"down": {"uv": [1, 1], "uv_size": [-1, -1], "uv_rotation": 180}
							}
						},
						{
							"origin": [7.6, 9.6, 1.6],
							"size": [-3.2, -1.2, -2.2],
							"uv": {
								"north": {"uv": [0, 0], "uv_size": [1, 1], "uv_rotation": 180},
								"east": {"uv": [0, 0], "uv_size": [1, 1], "uv_rotation": 180},
								"south": {"uv": [0, 0], "uv_size": [1, 1], "uv_rotation": 180},
								"west": {"uv": [0, 0], "uv_size": [1, 1], "uv_rotation": 180},
								"up": {"uv": [1, 1], "uv_size": [-1, -1], "uv_rotation": 180},
								"down": {"uv": [1, 1], "uv_size": [-1, -1], "uv_rotation": 180}
							}
						},
						{
							"origin": [3.6, 9.6, 0.6],
							"size": [-2.2, -1.2, -3.2],
							"uv": {
								"north": {"uv": [0, 0], "uv_size": [1, 1], "uv_rotation": 180},
								"east": {"uv": [0, 0], "uv_size": [1, 1], "uv_rotation": 180},
								"south": {"uv": [0, 0], "uv_size": [1, 1], "uv_rotation": 180},
								"west": {"uv": [0, 0], "uv_size": [1, 1], "uv_rotation": 180},
								"up": {"uv": [1, 1], "uv_size": [-1, -1], "uv_rotation": 180},
								"down": {"uv": [1, 1], "uv_size": [-1, -1], "uv_rotation": 180}
							}
						},
						{
							"origin": [8.6, 9.6, 3.6],
							"size": [-4.2, -1.2, -2.2],
							"uv": {
								"north": {"uv": [0, 0], "uv_size": [1, 1], "uv_rotation": 180},
								"east": {"uv": [0, 0], "uv_size": [1, 1], "uv_rotation": 180},
								"south": {"uv": [0, 0], "uv_size": [1, 1], "uv_rotation": 180},
								"west": {"uv": [0, 0], "uv_size": [1, 1], "uv_rotation": 180},
								"up": {"uv": [1, 1], "uv_size": [-1, -1], "uv_rotation": 180},
								"down": {"uv": [1, 1], "uv_size": [-1, -1], "uv_rotation": 180}
							}
						},
						{
							"origin": [9.6, 9.6, 2.6],
							"size": [-2.2, -1.2, -3.2],
							"uv": {
								"north": {"uv": [0, 0], "uv_size": [1, 1], "uv_rotation": 180},
								"east": {"uv": [0, 0], "uv_size": [1, 1], "uv_rotation": 180},
								"south": {"uv": [0, 0], "uv_size": [1, 1], "uv_rotation": 180},
								"west": {"uv": [0, 0], "uv_size": [1, 1], "uv_rotation": 180},
								"up": {"uv": [1, 1], "uv_size": [-1, -1], "uv_rotation": 180},
								"down": {"uv": [1, 1], "uv_size": [-1, -1], "uv_rotation": 180}
							}
						}
					]
				},
				{
					"name": "stinger",
					"parent": "body",
					"pivot": [0.5, 6, 1],
					"cubes": [
						{
							"origin": [1.1, 6.6, 7.6],
							"size": [-1.2, -2.2, -3.2],
							"uv": {
								"up": {"uv": [1, 1], "uv_size": [-1, -1]},
								"down": {"uv": [1, 1], "uv_size": [-1, -1]}
							}
						}
					]
				},
				{
					"name": "leg_front",
					"parent": "body",
					"pivot": [2, 2, -2],
					"cubes": [
						{
							"origin": [0.6, 2.6, -1.4],
							"size": [-2.2, -3.2, -1.2],
							"uv": {
								"north": {"uv": [0, 0], "uv_size": [1, 1], "uv_rotation": 180},
								"east": {"uv": [0, 0], "uv_size": [1, 1], "uv_rotation": 180},
								"south": {"uv": [0, 0], "uv_size": [1, 1], "uv_rotation": 180},
								"west": {"uv": [0, 0], "uv_size": [1, 1], "uv_rotation": 180},
								"up": {"uv": [1, 1], "uv_size": [-1, -1], "uv_rotation": 180},
								"down": {"uv": [1, 1], "uv_size": [-1, -1], "uv_rotation": 180}
							}
						},
						{
							"origin": [2.6, 2.6, -1.4],
							"size": [-2.2, -3.2, -1.2],
							"uv": {
								"north": {"uv": [0, 0], "uv_size": [1, 1], "uv_rotation": 180},
								"east": {"uv": [0, 0], "uv_size": [1, 1], "uv_rotation": 180},
								"south": {"uv": [0, 0], "uv_size": [1, 1], "uv_rotation": 180},
								"west": {"uv": [0, 0], "uv_size": [1, 1], "uv_rotation": 180},
								"up": {"uv": [1, 1], "uv_size": [-1, -1], "uv_rotation": 180},
								"down": {"uv": [1, 1], "uv_size": [-1, -1], "uv_rotation": 180}
							}
						}
					]
				},
				{
					"name": "leg_mid",
					"parent": "body",
					"pivot": [2, 2, 0],
					"cubes": [
						{
							"origin": [3.6, 2.6, 0.6],
							"size": [-2.2, -3.2, -1.2],
							"uv": {
								"north": {"uv": [0, 0], "uv_size": [1, 1]},
								"east": {"uv": [0, 0], "uv_size": [1, 1]},
								"south": {"uv": [0, 0], "uv_size": [1, 1]},
								"west": {"uv": [0, 0], "uv_size": [1, 1]},
								"up": {"uv": [1, 1], "uv_size": [-1, -1]},
								"down": {"uv": [1, 1], "uv_size": [-1, -1]}
							}
						},
						{
							"origin": [-0.4, 2.6, 0.6],
							"size": [-2.2, -3.2, -1.2],
							"uv": {
								"north": {"uv": [0, 0], "uv_size": [1, 1]},
								"east": {"uv": [0, 0], "uv_size": [1, 1]},
								"south": {"uv": [0, 0], "uv_size": [1, 1]},
								"west": {"uv": [0, 0], "uv_size": [1, 1]},
								"up": {"uv": [1, 1], "uv_size": [-1, -1]},
								"down": {"uv": [1, 1], "uv_size": [-1, -1]}
							}
						}
					]
				},
				{
					"name": "leg_back",
					"parent": "body",
					"pivot": [2, 2, 2],
					"cubes": [
						{
							"origin": [3.6, 2.6, 2.6],
							"size": [-2.2, -3.2, -1.2],
							"uv": {
								"north": {"uv": [0, 0], "uv_size": [1, 1]},
								"east": {"uv": [0, 0], "uv_size": [1, 1]},
								"south": {"uv": [0, 0], "uv_size": [1, 1]},
								"west": {"uv": [0, 0], "uv_size": [1, 1]},
								"up": {"uv": [1, 1], "uv_size": [-1, -1]},
								"down": {"uv": [1, 1], "uv_size": [-1, -1]}
							}
						},
						{
							"origin": [-0.4, 2.6, 2.6],
							"size": [-2.2, -3.2, -1.2],
							"uv": {
								"north": {"uv": [0, 0], "uv_size": [1, 1]},
								"east": {"uv": [0, 0], "uv_size": [1, 1]},
								"south": {"uv": [0, 0], "uv_size": [1, 1]},
								"west": {"uv": [0, 0], "uv_size": [1, 1]},
								"up": {"uv": [1, 1], "uv_size": [-1, -1]},
								"down": {"uv": [1, 1], "uv_size": [-1, -1]}
							}
						}
					]
				}
			]
		}
	]
}