{
	"format_version": "1.12.0",
	"minecraft:geometry": [
		{
			"description": {
				"identifier": "geometry.skeleton.bogged",
				"texture_width": 64,
				"texture_height": 32,
				"visible_bounds_width": 2,
				"visible_bounds_height": 3,
				"visible_bounds_offset": [0, 1.5, 0]
			},
			"bones": [
				{
					"name": "body",
					"pivot": [0, 24, 0],
					"cubes": [
						{"origin": [-4, 12, -2], "size": [8, 12, 4], "uv": [16, 16]}
					]
				},
				{
					"name": "waist",
					"pivot": [0, 12, 0]
				},
				{
					"name": "head",
					"pivot": [0, 24, 0],
					"cubes": [
						{"origin": [-4, 24, -4], "size": [8, 8, 8], "uv": [0, 0]}
					],
					"locators": {
						"lead": [0, 24, 0]
					}
				},
				{
					"name": "mushrooms",
					"parent": "head",
					"pivot": [3, 31.5, 3],
					"cubes": [
						{"origin": [-6, 31, -3], "size": [6, 4, 0], "pivot": [-3, 32.5, -3], "rotation": [0, -45, 0], "uv": [50, 22]},
						{"origin": [-6, 31, -3], "size": [6, 4, 0], "pivot": [-3, 32.5, -3], "rotation": [0, 45, 0], "uv": [50, 22]},
						{"origin": [0, 31, 3], "size": [6, 4, 0], "pivot": [3, 31.5, 3], "rotation": [0, 45, 0], "uv": [50, 16]},
						{"origin": [0, 31, 3], "size": [6, 4, 0], "pivot": [3, 31.5, 3], "rotation": [0, -45, 0], "uv": [50, 16]},
						{"origin": [-5, 25, 3], "size": [6, 5, 0], "pivot": [-2, 25, 3], "rotation": [-90, 0, 45], "uv": [50, 27]},
						{"origin": [-5, 25, 3], "size": [6, 5, 0], "pivot": [-2, 25, 3], "rotation": [-90, 0, 135], "uv": [50, 27]}
					]
				},
				{
					"name": "hat",
					"pivot": [0, 24, 0],
					"cubes": [
						{"origin": [-4, 24, -4], "size": [8, 8, 8], "inflate": 0.2, "uv": [32, 0]}
					]
				},
				{
					"name": "rightArm",
					"pivot": [-5, 22, 0],
					"cubes": [
						{"origin": [-6, 12, -1], "size": [2, 12, 2], "uv": [40, 16]}
					]
				},
				{
					"name": "rightItem",
					"parent": "rightArm",
					"pivot": [-6, 15, 1]
				},
				{
					"name": "leftArm",
					"pivot": [5, 22, 0],
					"mirror": true,
					"cubes": [
						{"origin": [4, 12, -1], "size": [2, 12, 2], "uv": [40, 16]}
					]
				},
				{
					"name": "leftItem",
					"parent": "leftArm",
					"pivot": [6, 15, 1]
				},
				{
					"name": "rightLeg",
					"pivot": [-2, 12, 0],
					"cubes": [
						{"origin": [-3, 0, -1], "size": [2, 12, 2], "uv": [0, 16]}
					]
				},
				{
					"name": "leftLeg",
					"pivot": [2, 12, 0],
					"mirror": true,
					"cubes": [
						{"origin": [1, 0, -1], "size": [2, 12, 2], "uv": [0, 16]}
					]
				}
			]
		}
	]
}