{
	"format_version": "1.21.0",
	"minecraft:geometry": [
		{
			"description": {
				"identifier": "geometry.skeleton.bogged_glow",
				"texture_width": 64,
				"texture_height": 32,
				"visible_bounds_width": 10,
				"visible_bounds_height": 4,
				"visible_bounds_offset": [0, 1, 0]
			},
			"bones": [
				{
					"name": "body",
					"pivot": [0, 24, 0]
				},
				{
					"name": "thoraic_cage",
					"parent": "body",
					"pivot": [0, 0, 0],
					"cubes": [
						{
							"origin": [-3.4, 20.6, 2.6],
							"size": [-1.2, -2.2, -5.2],
							"uv": {
								"north": {"uv": [0, 0], "uv_size": [1, 1], "uv_rotation": 180},
								"east": {"uv": [0, 0], "uv_size": [1, 1], "uv_rotation": 180},
								"south": {"uv": [0, 0], "uv_size": [1, 1], "uv_rotation": 180},
								"west": {"uv": [0, 0], "uv_size": [1, 1], "uv_rotation": 180},
								"up": {"uv": [1, 1], "uv_size": [-1, -1], "uv_rotation": 180},
								"down": {"uv": [1, 1], "uv_size": [-1, -1], "uv_rotation": 180}
							}
						},
						{
							"origin": [-3.4, 22.6, 2.6],
							"size": [-1.2, -2.2, -5.2],
							"uv": {
								"north": {"uv": [0, 0], "uv_size": [1, 1], "uv_rotation": 180},
								"east": {"uv": [0, 0], "uv_size": [1, 1], "uv_rotation": 180},
								"south": {"uv": [0, 0], "uv_size": [1, 1], "uv_rotation": 180},
								"west": {"uv": [0, 0], "uv_size": [1, 1], "uv_rotation": 180},
								"up": {"uv": [1, 1], "uv_size": [-1, -1], "uv_rotation": 180},
								"down": {"uv": [1, 1], "uv_size": [-1, -1], "uv_rotation": 180}
							}
						},
						{
							"origin": [-3.4, 24.6, 2.6],
							"size": [-1.2, -2.2, -5.2],
							"uv": {
								"north": {"uv": [0, 0], "uv_size": [1, 1], "uv_rotation": 180},
								"east": {"uv": [0, 0], "uv_size": [1, 1], "uv_rotation": 180},
								"south": {"uv": [0, 0], "uv_size": [1, 1], "uv_rotation": 180},
								"west": {"uv": [0, 0], "uv_size": [1, 1], "uv_rotation": 180},
								"up": {"uv": [1, 1], "uv_size": [-1, -1], "uv_rotation": 180},
								"down": {"uv": [1, 1], "uv_size": [-1, -1], "uv_rotation": 180}
							}
						},
						{
							"origin": [-3.4, 14.6, 2.6],
							"size": [-1.2, -3.2, -5.2],
							"uv": {
								"north": {"uv": [0, 0], "uv_size": [1, 1], "uv_rotation": 180},
								"east": {"uv": [0, 0], "uv_size": [1, 1], "uv_rotation": 180},
								"south": {"uv": [0, 0], "uv_size": [1, 1], "uv_rotation": 180},
								"west": {"uv": [0, 0], "uv_size": [1, 1], "uv_rotation": 180},
								"up": {"uv": [1, 1], "uv_size": [-1, -1], "uv_rotation": 180},
								"down": {"uv": [1, 1], "uv_size": [-1, -1], "uv_rotation": 180}
							}
						},
						{
							"origin": [4.6, 14.6, 2.6],
							"size": [-9.2, -3.2, -1.2],
							"uv": {
								"north": {"uv": [0, 0], "uv_size": [1, 1], "uv_rotation": 180},
								"east": {"uv": [0, 0], "uv_size": [1, 1], "uv_rotation": 180},
								"south": {"uv": [0, 0], "uv_size": [1, 1], "uv_rotation": 180},
								"west": {"uv": [0, 0], "uv_size": [1, 1], "uv_rotation": 180},
								"up": {"uv": [1, 1], "uv_size": [-1, -1], "uv_rotation": 180},
								"down": {"uv": [1, 1], "uv_size": [-1, -1], "uv_rotation": 180}
							}
						},
						{
							"origin": [4.6, 14.6, -1.4],
							"size": [-9.2, -3.2, -1.2],
							"uv": {
								"north": {"uv": [0, 0], "uv_size": [1, 1], "uv_rotation": 180},
								"east": {"uv": [0, 0], "uv_size": [1, 1], "uv_rotation": 180},
								"south": {"uv": [0, 0], "uv_size": [1, 1], "uv_rotation": 180},
								"west": {"uv": [0, 0], "uv_size": [1, 1], "uv_rotation": 180},
								"up": {"uv": [1, 1], "uv_size": [-1, -1], "uv_rotation": 180},
								"down": {"uv": [1, 1], "uv_size": [-1, -1], "uv_rotation": 180}
							}
						},
						{
							"origin": [4.6, 14.6, 2.6],
							"size": [-1.2, -3.2, -5.2],
							"uv": {
								"north": {"uv": [0, 0], "uv_size": [1, 1], "uv_rotation": 180},
								"east": {"uv": [0, 0], "uv_size": [1, 1], "uv_rotation": 180},
								"south": {"uv": [0, 0], "uv_size": [1, 1], "uv_rotation": 180},
								"west": {"uv": [0, 0], "uv_size": [1, 1], "uv_rotation": 180},
								"up": {"uv": [1, 1], "uv_size": [-1, -1], "uv_rotation": 180},
								"down": {"uv": [1, 1], "uv_size": [-1, -1], "uv_rotation": 180}
							}
						},
						{
							"origin": [4.6, 24.6, 2.6],
							"size": [-1.2, -2.2, -5.2],
							"uv": {
								"north": {"uv": [0, 0], "uv_size": [1, 1], "uv_rotation": 180},
								"east": {"uv": [0, 0], "uv_size": [1, 1], "uv_rotation": 180},
								"south": {"uv": [0, 0], "uv_size": [1, 1], "uv_rotation": 180},
								"west": {"uv": [0, 0], "uv_size": [1, 1], "uv_rotation": 180},
								"up": {"uv": [1, 1], "uv_size": [-1, -1], "uv_rotation": 180},
								"down": {"uv": [1, 1], "uv_size": [-1, -1], "uv_rotation": 180}
							}
						},
						{
							"origin": [4.6, 22.6, 2.6],
							"size": [-1.2, -2.2, -5.2],
							"uv": {
								"north": {"uv": [0, 0], "uv_size": [1, 1], "uv_rotation": 180},
								"east": {"uv": [0, 0], "uv_size": [1, 1], "uv_rotation": 180},
								"south": {"uv": [0, 0], "uv_size": [1, 1], "uv_rotation": 180},
								"west": {"uv": [0, 0], "uv_size": [1, 1], "uv_rotation": 180},
								"up": {"uv": [1, 1], "uv_size": [-1, -1], "uv_rotation": 180},
								"down": {"uv": [1, 1], "uv_size": [-1, -1], "uv_rotation": 180}
							}
						},
						{
							"origin": [4.6, 20.6, 2.6],
							"size": [-1.2, -2.2, -5.2],
							"uv": {
								"north": {"uv": [0, 0], "uv_size": [1, 1], "uv_rotation": 180},
								"east": {"uv": [0, 0], "uv_size": [1, 1], "uv_rotation": 180},
								"south": {"uv": [0, 0], "uv_size": [1, 1], "uv_rotation": 180},
								"west": {"uv": [0, 0], "uv_size": [1, 1], "uv_rotation": 180},
								"up": {"uv": [1, 1], "uv_size": [-1, -1], "uv_rotation": 180},
								"down": {"uv": [1, 1], "uv_size": [-1, -1], "uv_rotation": 180}
							}
						},
						{
							"origin": [1.6, 24.6, 2.6],
							"size": [-3.2, -11.2, -1.2],
							"uv": {
								"north": {"uv": [0, 0], "uv_size": [1, 1], "uv_rotation": 180},
								"east": {"uv": [0, 0], "uv_size": [1, 1], "uv_rotation": 180},
								"south": {"uv": [0, 0], "uv_size": [1, 1], "uv_rotation": 180},
								"west": {"uv": [0, 0], "uv_size": [1, 1], "uv_rotation": 180},
								"up": {"uv": [1, 1], "uv_size": [-1, -1], "uv_rotation": 180},
								"down": {"uv": [1, 1], "uv_size": [-1, -1], "uv_rotation": 180}
							}
						},
						{
							"origin": [4.6, 20.6, 2.6],
							"size": [-9.2, -2.2, -1.2],
							"uv": {
								"north": {"uv": [0, 0], "uv_size": [1, 1], "uv_rotation": 180},
								"east": {"uv": [0, 0], "uv_size": [1, 1], "uv_rotation": 180},
								"south": {"uv": [0, 0], "uv_size": [1, 1], "uv_rotation": 180},
								"west": {"uv": [0, 0], "uv_size": [1, 1], "uv_rotation": 180},
								"up": {"uv": [1, 1], "uv_size": [-1, -1], "uv_rotation": 180},
								"down": {"uv": [1, 1], "uv_size": [-1, -1], "uv_rotation": 180}
							}
						},
						{
							"origin": [4.6, 22.6, 2.6],
							"size": [-9.2, -2.2, -1.2],
							"uv": {
								"north": {"uv": [0, 0], "uv_size": [1, 1], "uv_rotation": 180},
								"east": {"uv": [0, 0], "uv_size": [1, 1], "uv_rotation": 180},
								"south": {"uv": [0, 0], "uv_size": [1, 1], "uv_rotation": 180},
								"west": {"uv": [0, 0], "uv_size": [1, 1], "uv_rotation": 180},
								"up": {"uv": [1, 1], "uv_size": [-1, -1], "uv_rotation": 180},
								"down": {"uv": [1, 1], "uv_size": [-1, -1], "uv_rotation": 180}
							}
						},
						{
							"origin": [4.6, 24.6, 2.6],
							"size": [-9.2, -2.2, -1.2],
							"uv": {
								"north": {"uv": [0, 0], "uv_size": [1, 1], "uv_rotation": 180},
								"east": {"uv": [0, 0], "uv_size": [1, 1], "uv_rotation": 180},
								"south": {"uv": [0, 0], "uv_size": [1, 1], "uv_rotation": 180},
								"west": {"uv": [0, 0], "uv_size": [1, 1], "uv_rotation": 180},
								"up": {"uv": [1, 1], "uv_size": [-1, -1], "uv_rotation": 180},
								"down": {"uv": [1, 1], "uv_size": [-1, -1], "uv_rotation": 180}
							}
						},
						{
							"origin": [4.6, 12.6, 2.6],
							"size": [-2.2, -1.2, -5.2],
							"uv": {
								"north": {"uv": [0, 0], "uv_size": [1, 1], "uv_rotation": 180},
								"east": {"uv": [0, 0], "uv_size": [1, 1], "uv_rotation": 180},
								"south": {"uv": [0, 0], "uv_size": [1, 1], "uv_rotation": 180},
								"west": {"uv": [0, 0], "uv_size": [1, 1], "uv_rotation": 180},
								"up": {"uv": [1, 1], "uv_size": [-1, -1], "uv_rotation": 180},
								"down": {"uv": [1, 1], "uv_size": [-1, -1], "uv_rotation": 180}
							}
						},
						{
							"origin": [4.6, 24.6, -1.4],
							"size": [-3.2, -3.2, -1.2],
							"uv": {
								"north": {"uv": [0, 0], "uv_size": [1, 1], "uv_rotation": 180},
								"east": {"uv": [0, 0], "uv_size": [1, 1], "uv_rotation": 180},
								"south": {"uv": [0, 0], "uv_size": [1, 1], "uv_rotation": 180},
								"west": {"uv": [0, 0], "uv_size": [1, 1], "uv_rotation": 180},
								"up": {"uv": [1, 1], "uv_size": [-1, -1], "uv_rotation": 180},
								"down": {"uv": [1, 1], "uv_size": [-1, -1], "uv_rotation": 180}
							}
						},
						{
							"origin": [4.6, 22.6, -1.4],
							"size": [-9.2, -4.2, -1.2],
							"uv": {
								"north": {"uv": [0, 0], "uv_size": [1, 1], "uv_rotation": 180},
								"east": {"uv": [0, 0], "uv_size": [1, 1], "uv_rotation": 180},
								"south": {"uv": [0, 0], "uv_size": [1, 1], "uv_rotation": 180},
								"west": {"uv": [0, 0], "uv_size": [1, 1], "uv_rotation": 180},
								"up": {"uv": [1, 1], "uv_size": [-1, -1], "uv_rotation": 180},
								"down": {"uv": [1, 1], "uv_size": [-1, -1], "uv_rotation": 180}
							}
						},
						{
							"origin": [3.6, 19.6, -1.4],
							"size": [-2.2, -4.2, -1.2],
							"uv": {
								"north": {"uv": [0, 0], "uv_size": [1, 1], "uv_rotation": 180},
								"east": {"uv": [0, 0], "uv_size": [1, 1], "uv_rotation": 180},
								"south": {"uv": [0, 0], "uv_size": [1, 1], "uv_rotation": 180},
								"west": {"uv": [0, 0], "uv_size": [1, 1], "uv_rotation": 180},
								"up": {"uv": [1, 1], "uv_size": [-1, -1], "uv_rotation": 180},
								"down": {"uv": [1, 1], "uv_size": [-1, -1], "uv_rotation": 180}
							}
						},
						{
							"origin": [1.6, 19.6, -1.4],
							"size": [-2.2, -5.2, -1.2],
							"uv": {
								"north": {"uv": [0, 0], "uv_size": [1, 1], "uv_rotation": 180},
								"east": {"uv": [0, 0], "uv_size": [1, 1], "uv_rotation": 180},
								"south": {"uv": [0, 0], "uv_size": [1, 1], "uv_rotation": 180},
								"west": {"uv": [0, 0], "uv_size": [1, 1], "uv_rotation": 180},
								"up": {"uv": [1, 1], "uv_size": [-1, -1], "uv_rotation": 180},
								"down": {"uv": [1, 1], "uv_size": [-1, -1], "uv_rotation": 180}
							}
						},
						{
							"origin": [2.6, 18.6, -1.4],
							"size": [-2.2, -2.2, -1.2],
							"uv": {
								"north": {"uv": [0, 0], "uv_size": [1, 1], "uv_rotation": 180},
								"east": {"uv": [0, 0], "uv_size": [1, 1], "uv_rotation": 180},
								"south": {"uv": [0, 0], "uv_size": [1, 1], "uv_rotation": 180},
								"west": {"uv": [0, 0], "uv_size": [1, 1], "uv_rotation": 180},
								"up": {"uv": [1, 1], "uv_size": [-1, -1], "uv_rotation": 180},
								"down": {"uv": [1, 1], "uv_size": [-1, -1], "uv_rotation": 180}
							}
						},
						{
							"origin": [0.6, 19.6, -1.4],
							"size": [-2.2, -2.2, -1.2],
							"uv": {
								"north": {"uv": [0, 0], "uv_size": [1, 1], "uv_rotation": 180},
								"east": {"uv": [0, 0], "uv_size": [1, 1], "uv_rotation": 180},
								"south": {"uv": [0, 0], "uv_size": [1, 1], "uv_rotation": 180},
								"west": {"uv": [0, 0], "uv_size": [1, 1], "uv_rotation": 180},
								"up": {"uv": [1, 1], "uv_size": [-1, -1], "uv_rotation": 180},
								"down": {"uv": [1, 1], "uv_size": [-1, -1], "uv_rotation": 180}
							}
						},
						{
							"origin": [-0.4, 18.6, -1.4],
							"size": [-3.2, -2.2, -1.2],
							"uv": {
								"north": {"uv": [0, 0], "uv_size": [1, 1], "uv_rotation": 180},
								"east": {"uv": [0, 0], "uv_size": [1, 1], "uv_rotation": 180},
								"south": {"uv": [0, 0], "uv_size": [1, 1], "uv_rotation": 180},
								"west": {"uv": [0, 0], "uv_size": [1, 1], "uv_rotation": 180},
								"up": {"uv": [1, 1], "uv_size": [-1, -1], "uv_rotation": 180},
								"down": {"uv": [1, 1], "uv_size": [-1, -1], "uv_rotation": 180}
							}
						},
						{
							"origin": [-1.4, 19.6, -1.4],
							"size": [-2.2, -2.2, -1.2],
							"uv": {
								"north": {"uv": [0, 0], "uv_size": [1, 1], "uv_rotation": 180},
								"east": {"uv": [0, 0], "uv_size": [1, 1], "uv_rotation": 180},
								"south": {"uv": [0, 0], "uv_size": [1, 1], "uv_rotation": 180},
								"west": {"uv": [0, 0], "uv_size": [1, 1], "uv_rotation": 180},
								"up": {"uv": [1, 1], "uv_size": [-1, -1], "uv_rotation": 180},
								"down": {"uv": [1, 1], "uv_size": [-1, -1], "uv_rotation": 180}
							}
						},
						{
							"origin": [-0.4, 23.6, -1.4],
							"size": [-2.2, -2.2, -1.2],
							"uv": {
								"north": {"uv": [0, 0], "uv_size": [1, 1], "uv_rotation": 180},
								"east": {"uv": [0, 0], "uv_size": [1, 1], "uv_rotation": 180},
								"south": {"uv": [0, 0], "uv_size": [1, 1], "uv_rotation": 180},
								"west": {"uv": [0, 0], "uv_size": [1, 1], "uv_rotation": 180},
								"up": {"uv": [1, 1], "uv_size": [-1, -1], "uv_rotation": 180},
								"down": {"uv": [1, 1], "uv_size": [-1, -1], "uv_rotation": 180}
							}
						},
						{
							"origin": [-1.4, 24.6, -1.4],
							"size": [-3.2, -3.2, -1.2],
							"uv": {
								"north": {"uv": [0, 0], "uv_size": [1, 1], "uv_rotation": 180},
								"east": {"uv": [0, 0], "uv_size": [1, 1], "uv_rotation": 180},
								"south": {"uv": [0, 0], "uv_size": [1, 1], "uv_rotation": 180},
								"west": {"uv": [0, 0], "uv_size": [1, 1], "uv_rotation": 180},
								"up": {"uv": [1, 1], "uv_size": [-1, -1], "uv_rotation": 180},
								"down": {"uv": [1, 1], "uv_size": [-1, -1], "uv_rotation": 180}
							}
						},
						{
							"origin": [2.6, 23.6, -1.4],
							"size": [-2.2, -2.2, -1.2],
							"uv": {
								"north": {"uv": [0, 0], "uv_size": [1, 1], "uv_rotation": 180},
								"east": {"uv": [0, 0], "uv_size": [1, 1], "uv_rotation": 180},
								"south": {"uv": [0, 0], "uv_size": [1, 1], "uv_rotation": 180},
								"west": {"uv": [0, 0], "uv_size": [1, 1], "uv_rotation": 180},
								"up": {"uv": [1, 1], "uv_size": [-1, -1], "uv_rotation": 180},
								"down": {"uv": [1, 1], "uv_size": [-1, -1], "uv_rotation": 180}
							}
						},
						{
							"origin": [-2.4, 12.6, 2.6],
							"size": [-2.2, -1.2, -5.2],
							"uv": {
								"north": {"uv": [0, 0], "uv_size": [1, 1], "uv_rotation": 180},
								"east": {"uv": [0, 0], "uv_size": [1, 1], "uv_rotation": 180},
								"south": {"uv": [0, 0], "uv_size": [1, 1], "uv_rotation": 180},
								"west": {"uv": [0, 0], "uv_size": [1, 1], "uv_rotation": 180},
								"up": {"uv": [1, 1], "uv_size": [-1, -1], "uv_rotation": 180},
								"down": {"uv": [1, 1], "uv_size": [-1, -1], "uv_rotation": 180}
							}
						},
						{
							"origin": [-0.4, 12.6, -0.4],
							"size": [-3.2, -1.2, -2.2],
							"uv": {
								"north": {"uv": [0, 0], "uv_size": [1, 1], "uv_rotation": 180},
								"east": {"uv": [0, 0], "uv_size": [1, 1], "uv_rotation": 180},
								"south": {"uv": [0, 0], "uv_size": [1, 1], "uv_rotation": 180},
								"west": {"uv": [0, 0], "uv_size": [1, 1], "uv_rotation": 180},
								"up": {"uv": [1, 1], "uv_size": [-1, -1], "uv_rotation": 180},
								"down": {"uv": [1, 1], "uv_size": [-1, -1], "uv_rotation": 180}
							}
						},
						{
							"origin": [1.6, 12.6, 2.6],
							"size": [-3.2, -1.2, -5.2],
							"uv": {
								"north": {"uv": [0, 0], "uv_size": [1, 1], "uv_rotation": 180},
								"east": {"uv": [0, 0], "uv_size": [1, 1], "uv_rotation": 180},
								"south": {"uv": [0, 0], "uv_size": [1, 1], "uv_rotation": 180},
								"west": {"uv": [0, 0], "uv_size": [1, 1], "uv_rotation": 180},
								"up": {"uv": [1, 1], "uv_size": [-1, -1], "uv_rotation": 180},
								"down": {"uv": [1, 1], "uv_size": [-1, -1], "uv_rotation": 180}
							}
						},
						{
							"origin": [3.6, 12.6, -0.4],
							"size": [-3.2, -1.2, -2.2],
							"uv": {
								"north": {"uv": [0, 0], "uv_size": [1, 1], "uv_rotation": 180},
								"east": {"uv": [0, 0], "uv_size": [1, 1], "uv_rotation": 180},
								"south": {"uv": [0, 0], "uv_size": [1, 1], "uv_rotation": 180},
								"west": {"uv": [0, 0], "uv_size": [1, 1], "uv_rotation": 180},
								"up": {"uv": [1, 1], "uv_size": [-1, -1], "uv_rotation": 180},
								"down": {"uv": [1, 1], "uv_size": [-1, -1], "uv_rotation": 180}
							}
						},
						{
							"origin": [-0.4, 12.6, 2.6],
							"size": [-3.2, -1.2, -2.2],
							"uv": {
								"north": {"uv": [0, 0], "uv_size": [1, 1], "uv_rotation": 180},
								"east": {"uv": [0, 0], "uv_size": [1, 1], "uv_rotation": 180},
								"south": {"uv": [0, 0], "uv_size": [1, 1], "uv_rotation": 180},
								"west": {"uv": [0, 0], "uv_size": [1, 1], "uv_rotation": 180},
								"up": {"uv": [1, 1], "uv_size": [-1, -1], "uv_rotation": 180},
								"down": {"uv": [1, 1], "uv_size": [-1, -1], "uv_rotation": 180}
							}
						},
						{
							"origin": [3.6, 12.6, 2.6],
							"size": [-3.2, -1.2, -2.2],
							"uv": {
								"north": {"uv": [0, 0], "uv_size": [1, 1], "uv_rotation": 180},
								"east": {"uv": [0, 0], "uv_size": [1, 1], "uv_rotation": 180},
								"south": {"uv": [0, 0], "uv_size": [1, 1], "uv_rotation": 180},
								"west": {"uv": [0, 0], "uv_size": [1, 1], "uv_rotation": 180},
								"up": {"uv": [1, 1], "uv_size": [-1, -1], "uv_rotation": 180},
								"down": {"uv": [1, 1], "uv_size": [-1, -1], "uv_rotation": 180}
							}
						}
					]
				},
				{
					"name": "head",
					"pivot": [0, 24, 0],
					"cubes": [
						{
							"origin": [4.6, 32.6, 4.6],
							"size": [-9.2, -9.2, -9.2],
							"uv": {
								"north": {"uv": [0, 0], "uv_size": [1, 1]},
								"east": {"uv": [0, 0], "uv_size": [1, 1]},
								"south": {"uv": [0, 0], "uv_size": [1, 1]},
								"west": {"uv": [0, 0], "uv_size": [1, 1]},
								"up": {"uv": [1, 1], "uv_size": [-1, -1]},
								"down": {"uv": [1, 1], "uv_size": [-1, -1]}
							}
						}
					],
					"locators": {
						"lead": [0, 24, 0]
					}
				},
				{
					"name": "mushrooms",
					"parent": "head",
					"pivot": [3, 31.5, 3],
					"cubes": [
						{
							"origin": [-1.4, 34.6, -2.4],
							"size": [-3.2, -4.2, -1.2],
							"pivot": [-3, 32.5, -3],
							"rotation": [0, 45, 0],
							"uv": {
								"up": {"uv": [1, 1], "uv_size": [-1, -1]},
								"down": {"uv": [1, 1], "uv_size": [-1, -1]}
							}
						},
						{
							"origin": [-0.90355, 34.1, -2.39645],
							"size": [-4.2, -3.2, -1.2],
							"pivot": [-3.00355, 32.5, -2.99645],
							"rotation": [45, 0, 90],
							"uv": {
								"up": {"uv": [1, 1], "uv_size": [-1, -1]},
								"down": {"uv": [1, 1], "uv_size": [-1, -1]}
							}
						},
						{
							"origin": [-1.40355, 33.1, -0.89645],
							"size": [-3.2, -1.2, -4.2],
							"pivot": [-3.00355, 32.5, -2.99645],
							"rotation": [90, -45, -180],
							"uv": {
								"up": {"uv": [1, 1], "uv_size": [-1, -1]},
								"down": {"uv": [1, 1], "uv_size": [-1, -1]}
							}
						},
						{
							"origin": [-1.40355, 33.1, -0.89645],
							"size": [-3.2, -1.2, -4.2],
							"pivot": [-3.00355, 32.5, -2.99645],
							"rotation": [-90, -45, 0],
							"uv": {
								"up": {"uv": [1, 1], "uv_size": [-1, -1]},
								"down": {"uv": [1, 1], "uv_size": [-1, -1]}
							}
						},
						{
							"origin": [-0.90355, 34.1, -2.39645],
							"size": [-4.2, -3.2, -1.2],
							"pivot": [-3.00355, 32.5, -2.99645],
							"rotation": [-45, 0, 90],
							"uv": {
								"up": {"uv": [1, 1], "uv_size": [-1, -1]},
								"down": {"uv": [1, 1], "uv_size": [-1, -1]}
							}
						},
						{
							"origin": [-1.4, 34.6, -2.4],
							"size": [-3.2, -4.2, -1.2],
							"pivot": [-3, 32.5, -3],
							"rotation": [0, -45, 0],
							"uv": {
								"up": {"uv": [1, 1], "uv_size": [-1, -1]},
								"down": {"uv": [1, 1], "uv_size": [-1, -1]}
							}
						},
						{
							"origin": [5.6, 35.6, 3.6],
							"size": [-5.2, -2.2, -1.2],
							"pivot": [3, 31.5, 3],
							"rotation": [0, -45, 0],
							"uv": {
								"up": {"uv": [1, 1], "uv_size": [-1, -1]},
								"down": {"uv": [1, 1], "uv_size": [-1, -1]}
							}
						},
						{
							"origin": [4.1, 37.1, 3.6],
							"size": [-2.2, -5.2, -1.2],
							"pivot": [3, 34.5, 3],
							"rotation": [45, 0, -90],
							"uv": {
								"up": {"uv": [1, 1], "uv_size": [-1, -1]},
								"down": {"uv": [1, 1], "uv_size": [-1, -1]}
							}
						},
						{
							"origin": [5.6, 35.1, 4.1],
							"size": [-5.2, -1.2, -2.2],
							"pivot": [3, 34.5, 3],
							"rotation": [-90, -45, 0],
							"uv": {
								"up": {"uv": [1, 1], "uv_size": [-1, -1]},
								"down": {"uv": [1, 1], "uv_size": [-1, -1]}
							}
						},
						{
							"origin": [5.6, 35.6, 3.6],
							"size": [-5.2, -2.2, -1.2],
							"pivot": [3, 31.5, 3],
							"rotation": [0, 45, 0],
							"uv": {
								"up": {"uv": [1, 1], "uv_size": [-1, -1]},
								"down": {"uv": [1, 1], "uv_size": [-1, -1]}
							}
						},
						{
							"origin": [5.6, 35.1, 4.1],
							"size": [-5.2, -1.2, -2.2],
							"pivot": [3, 34.5, 3],
							"rotation": [-90, 45, 0],
							"uv": {
								"up": {"uv": [1, 1], "uv_size": [-1, -1]},
								"down": {"uv": [1, 1], "uv_size": [-1, -1]}
							}
						},
						{
							"origin": [4.1, 37.1, 3.6],
							"size": [-2.2, -5.2, -1.2],
							"pivot": [3, 34.5, 3],
							"rotation": [-45, 0, -90],
							"uv": {
								"up": {"uv": [1, 1], "uv_size": [-1, -1]},
								"down": {"uv": [1, 1], "uv_size": [-1, -1]}
							}
						},
						{
							"origin": [4.6, 32.6, 3.6],
							"size": [-3.2, -2.2, -1.2],
							"pivot": [3, 31.5, 3],
							"rotation": [0, -45, 0],
							"uv": {
								"up": {"uv": [1, 1], "uv_size": [-1, -1]},
								"down": {"uv": [1, 1], "uv_size": [-1, -1]}
							}
						},
						{
							"origin": [4.1, 33.1, 3.6],
							"size": [-2.2, -3.2, -1.2],
							"pivot": [3, 31.5, 3],
							"rotation": [45, 0, -90],
							"uv": {
								"up": {"uv": [1, 1], "uv_size": [-1, -1]},
								"down": {"uv": [1, 1], "uv_size": [-1, -1]}
							}
						},
						{
							"origin": [4.6, 32.1, 4.1],
							"size": [-3.2, -1.2, -2.2],
							"pivot": [3, 31.5, 3],
							"rotation": [-90, -45, 0],
							"uv": {
								"up": {"uv": [1, 1], "uv_size": [-1, -1]},
								"down": {"uv": [1, 1], "uv_size": [-1, -1]}
							}
						},
						{
							"origin": [4.6, 32.6, 3.6],
							"size": [-3.2, -2.2, -1.2],
							"pivot": [3, 31.5, 3],
							"rotation": [0, 45, 0],
							"uv": {
								"up": {"uv": [1, 1], "uv_size": [-1, -1]},
								"down": {"uv": [1, 1], "uv_size": [-1, -1]}
							}
						},
						{
							"origin": [4.6, 32.1, 4.1],
							"size": [-3.2, -1.2, -2.2],
							"pivot": [3, 31.5, 3],
							"rotation": [-90, 45, 0],
							"uv": {
								"up": {"uv": [1, 1], "uv_size": [-1, -1]},
								"down": {"uv": [1, 1], "uv_size": [-1, -1]}
							}
						},
						{
							"origin": [4.1, 33.1, 3.6],
							"size": [-2.2, -3.2, -1.2],
							"pivot": [3, 31.5, 3],
							"rotation": [-45, 0, -90],
							"uv": {
								"up": {"uv": [1, 1], "uv_size": [-1, -1]},
								"down": {"uv": [1, 1], "uv_size": [-1, -1]}
							}
						},
						{
							"origin": [6.6, 34.6, 3.6],
							"size": [-7.2, -3.2, -1.2],
							"pivot": [3, 31.5, 3],
							"rotation": [0, 45, 0],
							"uv": {
								"up": {"uv": [1, 1], "uv_size": [-1, -1]},
								"down": {"uv": [1, 1], "uv_size": [-1, -1]}
							}
						},
						{
							"origin": [5.1, 36.1, 3.6],
							"size": [-3.2, -7.2, -1.2],
							"pivot": [3, 32.5, 3],
							"rotation": [-45, 0, -90],
							"uv": {
								"up": {"uv": [1, 1], "uv_size": [-1, -1]},
								"down": {"uv": [1, 1], "uv_size": [-1, -1]}
							}
						},
						{
							"origin": [6.6, 33.1, 4.1],
							"size": [-7.2, -1.2, -3.2],
							"pivot": [3, 32.5, 3],
							"rotation": [-90, 45, 0],
							"uv": {
								"up": {"uv": [1, 1], "uv_size": [-1, -1]},
								"down": {"uv": [1, 1], "uv_size": [-1, -1]}
							}
						},
						{
							"origin": [6.6, 34.6, 3.6],
							"size": [-7.2, -3.2, -1.2],
							"pivot": [3, 31.5, 3],
							"rotation": [0, -45, 0],
							"uv": {
								"up": {"uv": [1, 1], "uv_size": [-1, -1]},
								"down": {"uv": [1, 1], "uv_size": [-1, -1]}
							}
						},
						{
							"origin": [5.1, 36.1, 3.6],
							"size": [-3.2, -7.2, -1.2],
							"pivot": [3, 32.5, 3],
							"rotation": [45, 0, -90],
							"uv": {
								"up": {"uv": [1, 1], "uv_size": [-1, -1]},
								"down": {"uv": [1, 1], "uv_size": [-1, -1]}
							}
						},
						{
							"origin": [6.6, 33.1, 4.1],
							"size": [-7.2, -1.2, -3.2],
							"pivot": [3, 32.5, 3],
							"rotation": [-90, -45, 0],
							"uv": {
								"up": {"uv": [1, 1], "uv_size": [-1, -1]},
								"down": {"uv": [1, 1], "uv_size": [-1, -1]}
							}
						},
						{
							"origin": [0.6, 25.6, 5.6],
							"size": [-5.2, -1.2, -2.2],
							"pivot": [-2, 25, 4.5],
							"rotation": [0, 0, 135],
							"uv": {
								"up": {"uv": [1, 1], "uv_size": [-1, -1]},
								"down": {"uv": [1, 1], "uv_size": [-1, -1]}
							}
						},
						{
							"origin": [-0.9, 27.6, 5.1],
							"size": [-2.2, -5.2, -1.2],
							"pivot": [-2, 25, 4.5],
							"rotation": [0, -90, 45],
							"uv": {
								"up": {"uv": [1, 1], "uv_size": [-1, -1]},
								"down": {"uv": [1, 1], "uv_size": [-1, -1]}
							}
						},
						{
							"origin": [0.6, 27.6, 3.6],
							"size": [-5.2, -2.2, -1.2],
							"pivot": [-2, 25, 3],
							"rotation": [-90, 0, 135],
							"uv": {
								"up": {"uv": [1, 1], "uv_size": [-1, -1]},
								"down": {"uv": [1, 1], "uv_size": [-1, -1]}
							}
						},
						{
							"origin": [0.6, 27.6, 3.6],
							"size": [-5.2, -2.2, -1.2],
							"pivot": [-2, 25, 3],
							"rotation": [-90, 0, 45],
							"uv": {
								"up": {"uv": [1, 1], "uv_size": [-1, -1]},
								"down": {"uv": [1, 1], "uv_size": [-1, -1]}
							}
						},
						{
							"origin": [-0.9, 27.6, 5.1],
							"size": [-2.2, -5.2, -1.2],
							"pivot": [-2, 25, 4.5],
							"rotation": [0, -90, -45],
							"uv": {
								"up": {"uv": [1, 1], "uv_size": [-1, -1]},
								"down": {"uv": [1, 1], "uv_size": [-1, -1]}
							}
						},
						{
							"origin": [0.6, 25.6, 5.6],
							"size": [-5.2, -1.2, -2.2],
							"pivot": [-2, 25, 4.5],
							"rotation": [0, 0, -135],
							"uv": {
								"up": {"uv": [1, 1], "uv_size": [-1, -1]},
								"down": {"uv": [1, 1], "uv_size": [-1, -1]}
							}
						},
						{
							"origin": [0.1, 26.6, 5.1],
							"size": [-4.2, -3.2, -1.2],
							"pivot": [-2, 25, 4.5],
							"rotation": [0, -90, 45],
							"uv": {
								"up": {"uv": [1, 1], "uv_size": [-1, -1]},
								"down": {"uv": [1, 1], "uv_size": [-1, -1]}
							}
						},
						{
							"origin": [-0.4, 25.6, 6.6],
							"size": [-3.2, -1.2, -4.2],
							"pivot": [-2, 25, 4.5],
							"rotation": [0, 0, 135],
							"uv": {
								"up": {"uv": [1, 1], "uv_size": [-1, -1]},
								"down": {"uv": [1, 1], "uv_size": [-1, -1]}
							}
						},
						{
							"origin": [-0.4, 28.6, 3.6],
							"size": [-3.2, -4.2, -1.2],
							"pivot": [-2, 25, 3],
							"rotation": [-90, 0, 135],
							"uv": {
								"up": {"uv": [1, 1], "uv_size": [-1, -1]},
								"down": {"uv": [1, 1], "uv_size": [-1, -1]}
							}
						},
						{
							"origin": [-0.4, 28.6, 3.6],
							"size": [-3.2, -4.2, -1.2],
							"pivot": [-2, 25, 3],
							"rotation": [-90, 0, 45],
							"uv": {
								"up": {"uv": [1, 1], "uv_size": [-1, -1]},
								"down": {"uv": [1, 1], "uv_size": [-1, -1]}
							}
						},
						{
							"origin": [-0.4, 25.6, 6.6],
							"size": [-3.2, -1.2, -4.2],
							"pivot": [-2, 25, 4.5],
							"rotation": [0, 0, -135],
							"uv": {
								"up": {"uv": [1, 1], "uv_size": [-1, -1]},
								"down": {"uv": [1, 1], "uv_size": [-1, -1]}
							}
						},
						{
							"origin": [0.1, 26.6, 5.1],
							"size": [-4.2, -3.2, -1.2],
							"pivot": [-2, 25, 4.5],
							"rotation": [0, -90, -45],
							"uv": {
								"up": {"uv": [1, 1], "uv_size": [-1, -1]},
								"down": {"uv": [1, 1], "uv_size": [-1, -1]}
							}
						}
					]
				},
				{
					"name": "rightArm",
					"pivot": [-5, 22, 0],
					"cubes": [
						{
							"origin": [-3.4, 24.6, 1.6],
							"size": [-3.2, -13.2, -3.2],
							"uv": {
								"up": {"uv": [1, 1], "uv_size": [-1, -1]},
								"down": {"uv": [1, 1], "uv_size": [-1, -1]}
							}
						},
						{
							"origin": [1.6, 19.6, 1.6],
							"size": [-13.2, -3.2, -3.2],
							"pivot": [-5, 18, 0],
							"rotation": [0, 0, 90],
							"uv": {
								"up": {"uv": [1, 1], "uv_size": [-1, -1]},
								"down": {"uv": [1, 1], "uv_size": [-1, -1]}
							}
						},
						{
							"origin": [1.6, 19.6, 1.6],
							"size": [-13.2, -3.2, -3.2],
							"pivot": [-5, 18, 0],
							"rotation": [90, 0, 90],
							"uv": {
								"up": {"uv": [1, 1], "uv_size": [-1, -1]},
								"down": {"uv": [1, 1], "uv_size": [-1, -1]}
							}
						}
					]
				},
				{
					"name": "leftArm",
					"pivot": [5, 22, 0],
					"cubes": [
						{
							"origin": [6.6, 24.6, 1.6],
							"size": [-3.2, -13.2, -3.2],
							"uv": {
								"up": {"uv": [1, 1], "uv_size": [-1, -1]},
								"down": {"uv": [1, 1], "uv_size": [-1, -1]}
							}
						},
						{
							"origin": [11.6, 19.6, 1.6],
							"size": [-13.2, -3.2, -3.2],
							"pivot": [5, 18, 0],
							"rotation": [0, 0, 90],
							"uv": {
								"up": {"uv": [1, 1], "uv_size": [-1, -1]},
								"down": {"uv": [1, 1], "uv_size": [-1, -1]}
							}
						},
						{
							"origin": [11.6, 19.6, 1.6],
							"size": [-13.2, -3.2, -3.2],
							"pivot": [5, 18, 0],
							"rotation": [90, 0, 90],
							"uv": {
								"up": {"uv": [1, 1], "uv_size": [-1, -1]},
								"down": {"uv": [1, 1], "uv_size": [-1, -1]}
							}
						}
					]
				},
				{
					"name": "rightLeg",
					"pivot": [-2, 12, 0],
					"cubes": [
						{
							"origin": [-0.4, 12.6, 1.6],
							"size": [-3.2, -13.2, -3.2],
							"uv": {
								"up": {"uv": [1, 1], "uv_size": [-1, -1]},
								"down": {"uv": [1, 1], "uv_size": [-1, -1]}
							}
						},
						{
							"origin": [4.6, 7.6, 1.6],
							"size": [-13.2, -3.2, -3.2],
							"pivot": [-2, 6, 0],
							"rotation": [0, 0, 90],
							"uv": {
								"up": {"uv": [1, 1], "uv_size": [-1, -1]},
								"down": {"uv": [1, 1], "uv_size": [-1, -1]}
							}
						},
						{
							"origin": [4.6, 7.6, 1.6],
							"size": [-13.2, -3.2, -3.2],
							"pivot": [-2, 6, 0],
							"rotation": [90, 0, 90],
							"uv": {
								"up": {"uv": [1, 1], "uv_size": [-1, -1]},
								"down": {"uv": [1, 1], "uv_size": [-1, -1]}
							}
						}
					]
				},
				{
					"name": "leftLeg",
					"pivot": [2, 12, 0],
					"cubes": [
						{
							"origin": [3.6, 12.6, 1.6],
							"size": [-3.2, -13.2, -3.2],
							"uv": {
								"up": {"uv": [1, 1], "uv_size": [-1, -1]},
								"down": {"uv": [1, 1], "uv_size": [-1, -1]}
							}
						},
						{
							"origin": [8.6, 7.6, 1.6],
							"size": [-13.2, -3.2, -3.2],
							"pivot": [2, 6, 0],
							"rotation": [0, 0, 90],
							"uv": {
								"up": {"uv": [1, 1], "uv_size": [-1, -1]},
								"down": {"uv": [1, 1], "uv_size": [-1, -1]}
							}
						},
						{
							"origin": [8.6, 7.6, 1.6],
							"size": [-13.2, -3.2, -3.2],
							"pivot": [2, 6, 0],
							"rotation": [90, 0, 90],
							"uv": {
								"up": {"uv": [1, 1], "uv_size": [-1, -1]},
								"down": {"uv": [1, 1], "uv_size": [-1, -1]}
							}
						}
					]
				}
			]
		}
	]
}