{
	"format_version": "1.12.0",
	"minecraft:geometry": [
		{
			"description": {
				"identifier": "geometry.cat_glow",
				"texture_width": 64,
				"texture_height": 32,
				"visible_bounds_width": 6,
				"visible_bounds_height": 3,
				"visible_bounds_offset": [0, 1.5, 0]
			},
			"bones": [
				{
					"name": "body",
					"pivot": [0, 7, 1],
					"cubes": [
						{
							"origin": [-2, -1, -2],
							"size": [4, 16, 6],
							"inflate": 0.6,
							"pivot": [0, 7, 1],
							"rotation": [-90, 0, 0],
							"uv": {
								"north": {"uv": [0, 0], "uv_size": [1, 1]},
								"east": {"uv": [0, 0], "uv_size": [1, 1]},
								"south": {"uv": [0, 0], "uv_size": [1, 1]},
								"west": {"uv": [0, 0], "uv_size": [1, 1]},
								"up": {"uv": [1, 1], "uv_size": [-1, -1]},
								"down": {"uv": [1, 1], "uv_size": [-1, -1]}
							}
						}
					]
				},
				{
					"name": "head",
					"parent": "body",
					"pivot": [0, 9, -9],
					"cubes": [
						{
							"origin": [-2.5, 7, -12],
							"size": [5, 4, 5],
							"inflate": 0.6,
							"uv": {
								"north": {"uv": [0, 0], "uv_size": [1, 1]},
								"east": {"uv": [0, 0], "uv_size": [1, 1]},
								"south": {"uv": [0, 0], "uv_size": [1, 1]},
								"west": {"uv": [0, 0], "uv_size": [1, 1]},
								"up": {"uv": [1, 1], "uv_size": [-1, -1]},
								"down": {"uv": [1, 1], "uv_size": [-1, -1]}
							}
						},
						{
							"origin": [-1.5, 7.01562, -13],
							"size": [3, 2, 2],
							"inflate": 0.6,
							"uv": {
								"north": {"uv": [0, 0], "uv_size": [1, 1]},
								"east": {"uv": [0, 0], "uv_size": [1, 1]},
								"south": {"uv": [0, 0], "uv_size": [1, 1]},
								"west": {"uv": [0, 0], "uv_size": [1, 1]},
								"up": {"uv": [1, 1], "uv_size": [-1, -1]},
								"down": {"uv": [1, 1], "uv_size": [-1, -1]}
							}
						},
						{
							"origin": [-2, 11, -9],
							"size": [1, 1, 2],
							"inflate": 0.6,
							"uv": {
								"north": {"uv": [0, 0], "uv_size": [1, 1]},
								"east": {"uv": [0, 0], "uv_size": [1, 1]},
								"south": {"uv": [0, 0], "uv_size": [1, 1]},
								"west": {"uv": [0, 0], "uv_size": [1, 1]},
								"up": {"uv": [1, 1], "uv_size": [-1, -1]},
								"down": {"uv": [1, 1], "uv_size": [-1, -1]}
							}
						},
						{
							"origin": [1, 11, -9],
							"size": [1, 1, 2],
							"inflate": 0.6,
							"uv": {
								"north": {"uv": [0, 0], "uv_size": [1, 1]},
								"east": {"uv": [0, 0], "uv_size": [1, 1]},
								"south": {"uv": [0, 0], "uv_size": [1, 1]},
								"west": {"uv": [0, 0], "uv_size": [1, 1]},
								"up": {"uv": [1, 1], "uv_size": [-1, -1]},
								"down": {"uv": [1, 1], "uv_size": [-1, -1]}
							}
						}
					],
					"locators": {
						"lead": [0, 9, -9]
					}
				},
				{
					"name": "tail1",
					"parent": "body",
					"pivot": [0, 9, 8],
					"cubes": [
						{
							"origin": [-0.5, 1, 8],
							"size": [1, 8, 1],
							"inflate": 0.6,
							"pivot": [0, 9, 8],
							"rotation": [90, 0, 0],
							"uv": {
								"north": {"uv": [0, 0], "uv_size": [1, 1]},
								"east": {"uv": [0, 0], "uv_size": [1, 1]},
								"south": {"uv": [0, 0], "uv_size": [1, 1]},
								"west": {"uv": [0, 0], "uv_size": [1, 1]},
								"up": {"uv": [1, 1], "uv_size": [-1, -1]},
								"down": {"uv": [1, 1], "uv_size": [-1, -1]}
							}
						}
					]
				},
				{
					"name": "tail2",
					"parent": "tail1",
					"pivot": [0, 9, 16],
					"cubes": [
						{
							"origin": [-0.5, 1, 16],
							"size": [1, 8, 1],
							"inflate": 0.6,
							"pivot": [0, 9, 16],
							"rotation": [90, 0, 0],
							"uv": {
								"north": {"uv": [0, 0], "uv_size": [1, 1]},
								"east": {"uv": [0, 0], "uv_size": [1, 1]},
								"south": {"uv": [0, 0], "uv_size": [1, 1]},
								"west": {"uv": [0, 0], "uv_size": [1, 1]},
								"up": {"uv": [1, 1], "uv_size": [-1, -1]},
								"down": {"uv": [1, 1], "uv_size": [-1, -1]}
							}
						}
					]
				},
				{
					"name": "backLegL",
					"parent": "body",
					"pivot": [1.1, 6, 7],
					"cubes": [
						{
							"origin": [0.1, 0, 6],
							"size": [2, 6, 2],
							"inflate": 0.6,
							"uv": {
								"north": {"uv": [0, 0], "uv_size": [1, 1]},
								"east": {"uv": [0, 0], "uv_size": [1, 1]},
								"south": {"uv": [0, 0], "uv_size": [1, 1]},
								"west": {"uv": [0, 0], "uv_size": [1, 1]},
								"up": {"uv": [1, 1], "uv_size": [-1, -1]},
								"down": {"uv": [1, 1], "uv_size": [-1, -1]}
							}
						}
					]
				},
				{
					"name": "backLegR",
					"parent": "body",
					"pivot": [-1.1, 6, 7],
					"cubes": [
						{
							"origin": [-2.1, 0, 6],
							"size": [2, 6, 2],
							"inflate": 0.6,
							"uv": {
								"north": {"uv": [0, 0], "uv_size": [1, 1]},
								"east": {"uv": [0, 0], "uv_size": [1, 1]},
								"south": {"uv": [0, 0], "uv_size": [1, 1]},
								"west": {"uv": [0, 0], "uv_size": [1, 1]},
								"up": {"uv": [1, 1], "uv_size": [-1, -1]},
								"down": {"uv": [1, 1], "uv_size": [-1, -1]}
							}
						}
					]
				},
				{
					"name": "frontLegL",
					"parent": "body",
					"pivot": [1.2, 10, -4],
					"cubes": [
						{
							"origin": [0.2, 0.2, -5],
							"size": [2, 10, 2],
							"inflate": 0.6,
							"uv": {
								"north": {"uv": [0, 0], "uv_size": [1, 1]},
								"east": {"uv": [0, 0], "uv_size": [1, 1]},
								"south": {"uv": [0, 0], "uv_size": [1, 1]},
								"west": {"uv": [0, 0], "uv_size": [1, 1]},
								"up": {"uv": [1, 1], "uv_size": [-1, -1]},
								"down": {"uv": [1, 1], "uv_size": [-1, -1]}
							}
						}
					]
				},
				{
					"name": "frontLegR",
					"parent": "body",
					"pivot": [-1.2, 10, -4],
					"cubes": [
						{
							"origin": [-2.2, 0.2, -5],
							"size": [2, 10, 2],
							"inflate": 0.6,
							"uv": {
								"north": {"uv": [0, 0], "uv_size": [1, 1]},
								"east": {"uv": [0, 0], "uv_size": [1, 1]},
								"south": {"uv": [0, 0], "uv_size": [1, 1]},
								"west": {"uv": [0, 0], "uv_size": [1, 1]},
								"up": {"uv": [1, 1], "uv_size": [-1, -1]},
								"down": {"uv": [1, 1], "uv_size": [-1, -1]}
							}
						}
					]
				}
			]
		},
		{
			"description": {
				"identifier": "geometry.cat_glow_flatface",
				"texture_width": 64,
				"texture_height": 32,
				"visible_bounds_width": 6,
				"visible_bounds_height": 3,
				"visible_bounds_offset": [0, 1.5, 0]
			},
			"bones": [
				{
					"name": "body",
					"pivot": [0, 7, 1],
					"cubes": [
						{"origin": [-2, -1, -2], "size": [4, 16, 6], "inflate": 0.6, "pivot": [0, 7, 1], "rotation": [-90, 0, 0], "uv": [20, 0]}
					]
				},
				{
					"name": "head",
					"parent": "body",
					"pivot": [0, 9, -9],
					"cubes": [
						{"origin": [-2.5, 7, -12], "size": [5, 4, 5], "inflate": 0.6, "uv": [0, 0]},
						{"origin": [-2, 11, -9], "size": [1, 1, 2], "inflate": 0.6, "uv": [0, 10]},
						{"origin": [1, 11, -9], "size": [1, 1, 2], "inflate": 0.6, "uv": [6, 10]}
					],
					"locators": {
						"lead": [0, 9, -9]
					}
				},
				{
					"name": "tail1",
					"parent": "body",
					"pivot": [0, 9, 8],
					"cubes": [
						{"origin": [-0.5, 1, 8], "size": [1, 8, 1], "inflate": 0.6, "pivot": [0, 9, 8], "rotation": [90, 0, 0], "uv": [0, 15]}
					]
				},
				{
					"name": "tail2",
					"parent": "tail1",
					"pivot": [0, 9, 16],
					"cubes": [
						{"origin": [-0.5, 1, 16], "size": [1, 8, 1], "inflate": 0.6, "pivot": [0, 9, 16], "rotation": [90, 0, 0], "uv": [4, 15]}
					]
				},
				{
					"name": "backLegL",
					"parent": "body",
					"pivot": [1.1, 6, 7],
					"cubes": [
						{"origin": [0.1, 0, 6], "size": [2, 6, 2], "inflate": 0.6, "uv": [8, 13]}
					]
				},
				{
					"name": "backLegR",
					"parent": "body",
					"pivot": [-1.1, 6, 7],
					"cubes": [
						{"origin": [-2.1, 0, 6], "size": [2, 6, 2], "inflate": 0.6, "uv": [8, 13]}
					]
				},
				{
					"name": "frontLegL",
					"parent": "body",
					"pivot": [1.2, 10, -4],
					"cubes": [
						{"origin": [0.2, 0.2, -5], "size": [2, 10, 2], "inflate": 0.6, "uv": [40, 0]}
					]
				},
				{
					"name": "frontLegR",
					"parent": "body",
					"pivot": [-1.2, 10, -4],
					"cubes": [
						{"origin": [-2.2, 0.2, -5], "size": [2, 10, 2], "inflate": 0.6, "uv": [40, 0]}
					]
				}
			]
		}
	]
}