{
	"format_version": "1.12.0",
	"minecraft:geometry": [
		{
			"description": {
				"identifier": "geometry.enderman_glow",
				"texture_width": 64,
				"texture_height": 32,
				"visible_bounds_width": 2,
				"visible_bounds_height": 6,
				"visible_bounds_offset": [0, 3, 0]
			},
			"bones": [
				{
					"name": "body",
					"pivot": [0, 38, 0],
					"reset": true,
					"cubes": [
						{
							"origin": [-4, 26, -2],
							"size": [8, 12, 4],
							"inflate": 0.6,
							"uv": {
								"north": {"uv": [36, 20], "uv_size": [8, 12]},
								"east": {"uv": [32, 20], "uv_size": [4, 12]},
								"south": {"uv": [48, 20], "uv_size": [8, 12]},
								"west": {"uv": [44, 20], "uv_size": [4, 12]},
								"up": {"uv": [36, 16], "uv_size": [8, 4]},
								"down": {"uv": [44, 20], "uv_size": [8, -4]}
							}
						}
					]
				},
				{
					"name": "head",
					"parent": "body",
					"pivot": [0, 24, 0],
					"cubes": [
						{
							"origin": [-4, 24, 4],
							"size": [8, 8, 0],
							"inflate": 0.6,
							"uv": {
								"north": {"uv": [32, 8], "uv_size": [-8, 8]},
								"east": {"uv": [0, 8], "uv_size": [8, 8]},
								"south": {"uv": [24, 8], "uv_size": [8, 8]},
								"west": {"uv": [16, 8], "uv_size": [8, 8]},
								"up": {"uv": [8, 0], "uv_size": [8, 8]},
								"down": {"uv": [16, 8], "uv_size": [8, -8]}
							}
						},
						{
							"origin": [-4, 26, -4],
							"size": [8, 6, 0],
							"inflate": 0.6,
							"uv": {
								"north": {"uv": [8, 8], "uv_size": [8, 6]},
								"east": {"uv": [0, 8], "uv_size": [8, 6]},
								"south": {"uv": [16, 8], "uv_size": [-8, 6]},
								"west": {"uv": [16, 8], "uv_size": [8, 6]},
								"up": {"uv": [8, 0], "uv_size": [8, 8]},
								"down": {"uv": [16, 8], "uv_size": [8, -8]}
							}
						},
						{
							"origin": [-4, 25, -4],
							"size": [0, 7, 4],
							"inflate": 0.6,
							"uv": {
								"north": {"uv": [8, 8], "uv_size": [8, 7]},
								"east": {"uv": [4, 8], "uv_size": [4, 7]},
								"south": {"uv": [24, 8], "uv_size": [8, 7]},
								"west": {"uv": [16, 8], "uv_size": [4, 7]},
								"up": {"uv": [8, 4], "uv_size": [8, 4]},
								"down": {"uv": [16, 8], "uv_size": [8, -4]}
							}
						},
						{
							"origin": [-4, 24, 0],
							"size": [0, 8, 4],
							"inflate": 0.6,
							"uv": {
								"north": {"uv": [8, 8], "uv_size": [8, 8]},
								"east": {"uv": [0, 8], "uv_size": [4, 8]},
								"south": {"uv": [24, 8], "uv_size": [8, 8]},
								"west": {"uv": [20, 8], "uv_size": [4, 8]},
								"up": {"uv": [8, 0], "uv_size": [8, 4]},
								"down": {"uv": [16, 4], "uv_size": [8, -4]}
							}
						},
						{
							"origin": [4, 25, -4],
							"size": [0, 7, 4],
							"inflate": 0.6,
							"uv": {
								"north": {"uv": [8, 8], "uv_size": [8, 7]},
								"east": {"uv": [4, 8], "uv_size": [4, 7]},
								"south": {"uv": [24, 8], "uv_size": [8, 7]},
								"west": {"uv": [16, 8], "uv_size": [4, 7]},
								"up": {"uv": [8, 4], "uv_size": [8, 4]},
								"down": {"uv": [16, 8], "uv_size": [8, -4]}
							}
						},
						{
							"origin": [4, 24, 0],
							"size": [0, 8, 4],
							"inflate": 0.6,
							"uv": {
								"north": {"uv": [8, 8], "uv_size": [8, 8]},
								"east": {"uv": [0, 8], "uv_size": [4, 8]},
								"south": {"uv": [24, 8], "uv_size": [8, 8]},
								"west": {"uv": [20, 8], "uv_size": [4, 8]},
								"up": {"uv": [8, 0], "uv_size": [8, 4]},
								"down": {"uv": [16, 4], "uv_size": [8, -4]}
							}
						},
						{
							"origin": [-4, 32, -4],
							"size": [8, 0, 8],
							"inflate": 0.6,
							"uv": {
								"north": {"uv": [8, 8], "uv_size": [8, 8]},
								"east": {"uv": [0, 8], "uv_size": [8, 8]},
								"south": {"uv": [24, 8], "uv_size": [8, 8]},
								"west": {"uv": [16, 8], "uv_size": [8, 8]},
								"up": {"uv": [8, 0], "uv_size": [8, 8]},
								"down": {"uv": [16, 8], "uv_size": [8, -8]}
							}
						}
					]
				},
				{
					"name": "hat",
					"parent": "head",
					"pivot": [0, 38, 0],
					"reset": true
				},
				{
					"name": "hat_sides",
					"parent": "hat",
					"pivot": [0, 41.5, 0]
				},
				{
					"name": "hat_bottom_side",
					"parent": "hat_sides",
					"pivot": [0, 5.1875, 0],
					"cubes": [
						{
							"origin": [-3.5, 38, -3.5],
							"size": [7, 0, 7],
							"inflate": 0.6,
							"uv": {
								"north": {"uv": [8, 24], "uv_size": [8, 8]},
								"east": {"uv": [0, 24], "uv_size": [8, 8]},
								"south": {"uv": [24, 24], "uv_size": [8, 8]},
								"west": {"uv": [16, 24], "uv_size": [8, 8]},
								"up": {"uv": [24, 16], "uv_size": [-8, 8]},
								"down": {"uv": [16, 24], "uv_size": [8, -8]}
							}
						}
					]
				},
				{
					"name": "hat_front_side",
					"parent": "hat_sides",
					"pivot": [0, 5.1875, 0],
					"cubes": [
						{
							"origin": [-3.5, 38, -3.5],
							"size": [7, 1.75, 0],
							"inflate": 0.6,
							"uv": {
								"north": {"uv": [8, 30], "uv_size": [8, 2]},
								"east": {"uv": [0, 30], "uv_size": [8, 2]},
								"south": {"uv": [16, 30], "uv_size": [-8, 2]},
								"west": {"uv": [16, 30], "uv_size": [8, 2]},
								"up": {"uv": [8, 16], "uv_size": [8, 8]},
								"down": {"uv": [16, 24], "uv_size": [8, -8]}
							}
						},
						{
							"origin": [2.625, 39.75, -3.5],
							"size": [0.875, 0.875, 0],
							"inflate": 0.6,
							"uv": {
								"north": {"uv": [15, 29], "uv_size": [1, 1]},
								"east": {"uv": [0, 29], "uv_size": [8, 1]},
								"south": {"uv": [16, 29], "uv_size": [-1, 1]},
								"west": {"uv": [16, 29], "uv_size": [8, 1]},
								"up": {"uv": [15, 16], "uv_size": [1, 8]},
								"down": {"uv": [23, 24], "uv_size": [1, -8]}
							}
						},
						{
							"origin": [-3.5, 39.75, -3.5],
							"size": [0.875, 0.875, 0],
							"inflate": 0.6,
							"uv": {
								"north": {"uv": [8, 29], "uv_size": [1, 1]},
								"east": {"uv": [0, 29], "uv_size": [8, 1]},
								"south": {"uv": [9, 29], "uv_size": [-1, 1]},
								"west": {"uv": [16, 29], "uv_size": [8, 1]},
								"up": {"uv": [8, 16], "uv_size": [1, 8]},
								"down": {"uv": [16, 24], "uv_size": [1, -8]}
							}
						},
						{
							"origin": [-0.875, 39.75, -3.5],
							"size": [1.75, 0.875, 0],
							"inflate": 0.6,
							"uv": {
								"north": {"uv": [11, 29], "uv_size": [2, 1]},
								"east": {"uv": [0, 29], "uv_size": [8, 1]},
								"south": {"uv": [13, 29], "uv_size": [-2, 1]},
								"west": {"uv": [16, 29], "uv_size": [8, 1]},
								"up": {"uv": [11, 16], "uv_size": [2, 8]},
								"down": {"uv": [19, 24], "uv_size": [2, -8]}
							}
						}
					]
				},
				{
					"name": "hat_back_side",
					"parent": "hat_sides",
					"pivot": [0, 5.1875, 0],
					"cubes": [
						{
							"origin": [1.75, 44.125, 3.5],
							"size": [1.75, 0.875, 0],
							"inflate": 0.6,
							"uv": {
								"north": {"uv": [26, 24], "uv_size": [-2, 1]},
								"east": {"uv": [0, 24], "uv_size": [8, 1]},
								"south": {"uv": [24, 24], "uv_size": [2, 1]},
								"west": {"uv": [16, 24], "uv_size": [8, 1]},
								"up": {"uv": [14, 16], "uv_size": [2, 8]},
								"down": {"uv": [22, 24], "uv_size": [2, -8]}
							}
						},
						{
							"origin": [2.625, 40.625, 3.5],
							"size": [0.875, 3.5, 0],
							"inflate": 0.6,
							"uv": {
								"north": {"uv": [25, 25], "uv_size": [-1, 4]},
								"east": {"uv": [0, 25], "uv_size": [8, 4]},
								"south": {"uv": [24, 25], "uv_size": [1, 4]},
								"west": {"uv": [16, 25], "uv_size": [8, 4]},
								"up": {"uv": [15, 16], "uv_size": [1, 8]},
								"down": {"uv": [23, 24], "uv_size": [1, -8]}
							}
						},
						{
							"origin": [-3.5, 44.125, 3.5],
							"size": [1.75, 0.875, 0],
							"inflate": 0.6,
							"uv": {
								"north": {"uv": [32, 24], "uv_size": [-2, 1]},
								"east": {"uv": [0, 24], "uv_size": [8, 1]},
								"south": {"uv": [30, 24], "uv_size": [2, 1]},
								"west": {"uv": [16, 24], "uv_size": [8, 1]},
								"up": {"uv": [8, 16], "uv_size": [2, 8]},
								"down": {"uv": [16, 24], "uv_size": [2, -8]}
							}
						},
						{
							"origin": [-3.5, 40.625, 3.5],
							"size": [0.875, 3.5, 0],
							"inflate": 0.6,
							"uv": {
								"north": {"uv": [32, 25], "uv_size": [-1, 4]},
								"east": {"uv": [0, 25], "uv_size": [8, 4]},
								"south": {"uv": [31, 25], "uv_size": [1, 4]},
								"west": {"uv": [16, 25], "uv_size": [8, 4]},
								"up": {"uv": [8, 16], "uv_size": [1, 8]},
								"down": {"uv": [16, 24], "uv_size": [1, -8]}
							}
						},
						{
							"origin": [-3.5, 38, 3.5],
							"size": [1.75, 2.625, 0],
							"inflate": 0.6,
							"uv": {
								"north": {"uv": [32, 29], "uv_size": [-2, 3]},
								"east": {"uv": [0, 29], "uv_size": [8, 3]},
								"south": {"uv": [30, 29], "uv_size": [2, 3]},
								"west": {"uv": [16, 29], "uv_size": [8, 3]},
								"up": {"uv": [8, 16], "uv_size": [2, 8]},
								"down": {"uv": [16, 24], "uv_size": [2, -8]}
							}
						},
						{
							"origin": [-1.75, 38, 3.5],
							"size": [3.5, 1.75, 0],
							"inflate": 0.6,
							"uv": {
								"north": {"uv": [30, 30], "uv_size": [-4, 2]},
								"east": {"uv": [0, 30], "uv_size": [8, 2]},
								"south": {"uv": [26, 30], "uv_size": [4, 2]},
								"west": {"uv": [16, 30], "uv_size": [8, 2]},
								"up": {"uv": [10, 16], "uv_size": [4, 8]},
								"down": {"uv": [18, 24], "uv_size": [4, -8]}
							}
						},
						{
							"origin": [1.75, 38, 3.5],
							"size": [1.75, 2.625, 0],
							"inflate": 0.6,
							"uv": {
								"north": {"uv": [26, 29], "uv_size": [-2, 3]},
								"east": {"uv": [0, 29], "uv_size": [8, 3]},
								"south": {"uv": [24, 29], "uv_size": [2, 3]},
								"west": {"uv": [16, 29], "uv_size": [8, 3]},
								"up": {"uv": [14, 16], "uv_size": [2, 8]},
								"down": {"uv": [22, 24], "uv_size": [2, -8]}
							}
						}
					]
				},
				{
					"name": "hat_left_side",
					"parent": "hat_sides",
					"pivot": [0, 5.1875, 0],
					"cubes": [
						{
							"origin": [3.5, 44.125, 1.75],
							"size": [0, 0.875, 0.875],
							"inflate": 0.6,
							"uv": {
								"north": {"uv": [8, 24], "uv_size": [8, 1]},
								"east": {"uv": [1, 24], "uv_size": [1, 1]},
								"south": {"uv": [24, 24], "uv_size": [8, 1]},
								"west": {"uv": [22, 24], "uv_size": [1, 1]},
								"up": {"uv": [8, 17], "uv_size": [8, 1]},
								"down": {"uv": [16, 18], "uv_size": [8, -1]}
							}
						},
						{
							"origin": [3.5, 39.75, 2.625],
							"size": [0, 5.25, 0.875],
							"inflate": 0.6,
							"uv": {
								"north": {"uv": [8, 24], "uv_size": [8, 6]},
								"east": {"uv": [0, 24], "uv_size": [1, 6]},
								"south": {"uv": [24, 24], "uv_size": [8, 6]},
								"west": {"uv": [23, 24], "uv_size": [1, 6]},
								"up": {"uv": [8, 16], "uv_size": [8, 1]},
								"down": {"uv": [16, 17], "uv_size": [8, -1]}
							}
						},
						{
							"origin": [3.5, 38, 1.75],
							"size": [0, 1.75, 1.75],
							"inflate": 0.6,
							"uv": {
								"north": {"uv": [8, 30], "uv_size": [8, 2]},
								"east": {"uv": [0, 30], "uv_size": [2, 2]},
								"south": {"uv": [24, 30], "uv_size": [8, 2]},
								"west": {"uv": [22, 30], "uv_size": [2, 2]},
								"up": {"uv": [8, 16], "uv_size": [8, 2]},
								"down": {"uv": [16, 18], "uv_size": [8, -2]}
							}
						},
						{
							"origin": [3.5, 38, 0],
							"size": [0, 0.875, 1.75],
							"inflate": 0.6,
							"uv": {
								"north": {"uv": [8, 31], "uv_size": [8, 1]},
								"east": {"uv": [2, 31], "uv_size": [2, 1]},
								"south": {"uv": [24, 31], "uv_size": [8, 1]},
								"west": {"uv": [20, 31], "uv_size": [2, 1]},
								"up": {"uv": [8, 18], "uv_size": [8, 2]},
								"down": {"uv": [16, 20], "uv_size": [8, -2]}
							}
						},
						{
							"origin": [3.5, 38, -3.5],
							"size": [0, 1.75, 3.5],
							"inflate": 0.6,
							"uv": {
								"north": {"uv": [8, 30], "uv_size": [8, 2]},
								"east": {"uv": [4, 30], "uv_size": [4, 2]},
								"south": {"uv": [24, 30], "uv_size": [8, 2]},
								"west": {"uv": [16, 30], "uv_size": [4, 2]},
								"up": {"uv": [8, 20], "uv_size": [8, 4]},
								"down": {"uv": [16, 24], "uv_size": [8, -4]}
							}
						},
						{
							"origin": [3.5, 39.75, -3.5],
							"size": [0, 1.75, 0.875],
							"inflate": 0.6,
							"uv": {
								"north": {"uv": [8, 28], "uv_size": [8, 2]},
								"east": {"uv": [7, 28], "uv_size": [1, 2]},
								"south": {"uv": [24, 28], "uv_size": [8, 2]},
								"west": {"uv": [16, 28], "uv_size": [1, 2]},
								"up": {"uv": [8, 23], "uv_size": [8, 1]},
								"down": {"uv": [16, 24], "uv_size": [8, -1]}
							}
						}
					]
				},
				{
					"name": "hat_right_side",
					"parent": "hat_sides",
					"pivot": [0, 5.1875, 0],
					"cubes": [
						{
							"origin": [-3.5, 39.75, -3.5],
							"size": [0, 1.75, 0.875],
							"inflate": 0.6,
							"uv": {
								"north": {"uv": [8, 28], "uv_size": [8, 2]},
								"east": {"uv": [7, 28], "uv_size": [1, 2]},
								"south": {"uv": [24, 28], "uv_size": [8, 2]},
								"west": {"uv": [16, 28], "uv_size": [1, 2]},
								"up": {"uv": [8, 23], "uv_size": [8, 1]},
								"down": {"uv": [16, 24], "uv_size": [8, -1]}
							}
						},
						{
							"origin": [-3.5, 38, 0],
							"size": [0, 0.875, 1.75],
							"inflate": 0.6,
							"uv": {
								"north": {"uv": [8, 31], "uv_size": [8, 1]},
								"east": {"uv": [2, 31], "uv_size": [2, 1]},
								"south": {"uv": [24, 31], "uv_size": [8, 1]},
								"west": {"uv": [20, 31], "uv_size": [2, 1]},
								"up": {"uv": [8, 18], "uv_size": [8, 2]},
								"down": {"uv": [16, 20], "uv_size": [8, -2]}
							}
						},
						{
							"origin": [-3.5, 38, -3.5],
							"size": [0, 1.75, 3.5],
							"inflate": 0.6,
							"uv": {
								"north": {"uv": [8, 30], "uv_size": [8, 2]},
								"east": {"uv": [4, 30], "uv_size": [4, 2]},
								"south": {"uv": [24, 30], "uv_size": [8, 2]},
								"west": {"uv": [16, 30], "uv_size": [4, 2]},
								"up": {"uv": [8, 20], "uv_size": [8, 4]},
								"down": {"uv": [16, 24], "uv_size": [8, -4]}
							}
						},
						{
							"origin": [-3.5, 38, 1.75],
							"size": [0, 1.75, 1.75],
							"inflate": 0.6,
							"uv": {
								"north": {"uv": [8, 30], "uv_size": [8, 2]},
								"east": {"uv": [0, 30], "uv_size": [2, 2]},
								"south": {"uv": [24, 30], "uv_size": [8, 2]},
								"west": {"uv": [22, 30], "uv_size": [2, 2]},
								"up": {"uv": [8, 16], "uv_size": [8, 2]},
								"down": {"uv": [16, 18], "uv_size": [8, -2]}
							}
						},
						{
							"origin": [-3.5, 39.75, 2.625],
							"size": [0, 5.25, 0.875],
							"inflate": 0.6,
							"uv": {
								"north": {"uv": [8, 24], "uv_size": [8, 6]},
								"east": {"uv": [0, 24], "uv_size": [1, 6]},
								"south": {"uv": [24, 24], "uv_size": [8, 6]},
								"west": {"uv": [23, 24], "uv_size": [1, 6]},
								"up": {"uv": [8, 16], "uv_size": [8, 1]},
								"down": {"uv": [16, 17], "uv_size": [8, -1]}
							}
						},
						{
							"origin": [-3.5, 44.125, 1.75],
							"size": [0, 0.875, 0.875],
							"inflate": 0.6,
							"uv": {
								"north": {"uv": [8, 24], "uv_size": [8, 1]},
								"east": {"uv": [1, 24], "uv_size": [1, 1]},
								"south": {"uv": [24, 24], "uv_size": [8, 1]},
								"west": {"uv": [22, 24], "uv_size": [1, 1]},
								"up": {"uv": [8, 17], "uv_size": [8, 1]},
								"down": {"uv": [16, 18], "uv_size": [8, -1]}
							}
						}
					]
				},
				{
					"name": "rightArm",
					"parent": "body",
					"pivot": [-3, 36, 0],
					"reset": true,
					"cubes": [
						{
							"origin": [-4, 8, -1],
							"size": [2, 30, 2],
							"inflate": 0.6,
							"uv": {
								"north": {"uv": [58, 2], "uv_size": [2, 30]},
								"east": {"uv": [56, 2], "uv_size": [2, 30]},
								"south": {"uv": [62, 2], "uv_size": [2, 30]},
								"west": {"uv": [60, 2], "uv_size": [2, 30]},
								"up": {"uv": [58, 0], "uv_size": [2, 2]},
								"down": {"uv": [60, 2], "uv_size": [2, -2]}
							}
						}
					]
				},
				{
					"name": "rightItem",
					"parent": "rightArm",
					"pivot": [-6, 15, 1]
				},
				{
					"name": "leftArm",
					"parent": "body",
					"pivot": [5, 36, 0],
					"reset": true,
					"cubes": [
						{
							"origin": [4, 8, -1],
							"size": [2, 30, 2],
							"inflate": 0.6,
							"uv": {
								"north": {"uv": [60, 2], "uv_size": [-2, 30]},
								"east": {"uv": [62, 2], "uv_size": [-2, 30]},
								"south": {"uv": [64, 2], "uv_size": [-2, 30]},
								"west": {"uv": [58, 2], "uv_size": [-2, 30]},
								"up": {"uv": [60, 0], "uv_size": [-2, 2]},
								"down": {"uv": [62, 2], "uv_size": [-2, -2]}
							}
						}
					]
				},
				{
					"name": "rightLeg",
					"parent": "body",
					"pivot": [-2, 26, 0],
					"reset": true,
					"cubes": [
						{
							"origin": [-3, -4, -1],
							"size": [2, 30, 2],
							"inflate": 0.6,
							"uv": {
								"north": {"uv": [58, 2], "uv_size": [2, 30]},
								"east": {"uv": [56, 2], "uv_size": [2, 30]},
								"south": {"uv": [62, 2], "uv_size": [2, 30]},
								"west": {"uv": [60, 2], "uv_size": [2, 30]},
								"up": {"uv": [58, 0], "uv_size": [2, 2]},
								"down": {"uv": [60, 2], "uv_size": [2, -2]}
							}
						}
					]
				},
				{
					"name": "leftLeg",
					"parent": "body",
					"pivot": [2, 26, 0],
					"reset": true,
					"cubes": [
						{
							"origin": [1, -4, -1],
							"size": [2, 30, 2],
							"inflate": 0.6,
							"uv": {
								"north": {"uv": [60, 2], "uv_size": [-2, 30]},
								"east": {"uv": [62, 2], "uv_size": [-2, 30]},
								"south": {"uv": [64, 2], "uv_size": [-2, 30]},
								"west": {"uv": [58, 2], "uv_size": [-2, 30]},
								"up": {"uv": [60, 0], "uv_size": [-2, 2]},
								"down": {"uv": [62, 2], "uv_size": [-2, -2]}
							}
						}
					]
				}
			]
		}
	]
}