{
  "format_version": "1.12.0",
  "minecraft:geometry": [
    {
      "description": {
        "identifier": "geometry.ender_crystal",
        "texture_width": 128,
        "texture_height": 64,
        "visible_bounds_width": 2,
        "visible_bounds_height": 3,
        "visible_bounds_offset": [ 0.0, 1.5, 0.0 ]
      },
      "bones": [
        {
          "name": "outerglass",
          "pivot": [ 0.0, 0.0, 0.0 ],
          "cubes": [
            {
              "origin": [ -8.0, -8.0, -8.0 ],
              "size": [ 16, 16, 16 ],
              "uv": [ 0, 0 ]
            }
          ]
        },
        {
          "name": "innerglass",
          "parent": "outerglass",
          "pivot": [ 0.0, 0.0, 0.0 ],
          "cubes": [
            {
              "origin": [ -8.0, -8.0, -8.0 ],
              "size": [ 16, 16, 16 ],
              "uv": [ 0, 0 ]
            }
          ]
        },
        {
          "name": "crystal",
          "parent": "innerglass",
          "pivot": [ 0.0, 0.0, 0.0 ],
          "cubes": [
            {
              "origin": [ -8.0, -8.0, -8.0 ],
              "size": [ 16, 16, 16 ],
              "uv": [ 64, 0 ]
            }
          ]
        },
        {
          "name": "base",
          "pivot": [ 0.0, 0.0, 0.0 ],
          "cubes": [
            {
              "rotation": [ 180.0, 0.0, 0.0 ],
              "origin": [ -12.0, -16.0, -12.0 ],
              "size": [ 24, 8, 24 ],
              "uv": [ 0, 32 ]
            }
          ]
        }
      ]
    }
  ]
}