{
  "format_version": "1.12.0",
  "minecraft:geometry": [
    {
      "description": {
        "identifier": "geometry.dragon",
        "visible_bounds_width": 14,
        "visible_bounds_height": 13,
        "visible_bounds_offset": [ 0, 2, 0 ],
        "texture_width": 256,
        "texture_height": 256
      },
      "bones": [
        {
          "name": "root",
          "pivot": [ 0.0, 24.0, 0.0 ]
        },
        {
          "name": "head",
          "pivot": [ 0.0, 24.0, 0.0 ],
          "cubes": [
            {
              "origin": [ -6.0, 20.0, -24.0 ],
              "size": [ 12.0, 5.0, 16.0 ],
              "uv": [ 176, 44 ]
            },
            {
              "origin": [ -8.0, 16.0, -10.0 ],
              "size": [ 16.0, 16.0, 16.0 ],
              "uv": [ 112, 30 ]
            },
            {
              "mirror": true,
              "origin": [ -5.0, 32.0, -4.0 ],
              "size": [ 2.0, 4.0, 6.0 ],
              "uv": [ 0, 0 ]
            },
            {
              "mirror": true,
              "origin": [ -5.0, 25.0, -22.0 ],
              "size": [ 2.0, 2.0, 4.0 ],
              "uv": [ 112, 0 ]
            },
            {
              "origin": [ 3.0, 32.0, -4.0 ],
              "size": [ 2.0, 4.0, 6.0 ],
              "uv": [ 0, 0 ]
            },
            {
              "origin": [ 3.0, 25.0, -22.0 ],
              "size": [ 2.0, 2.0, 4.0 ],
              "uv": [ 112, 0 ]
            }
          ]
        },
        {
          "name": "jaw",
          "parent": "head",
          "pivot": [ 0.0, 20.0, -8.0 ],
          "cubes": [
            {
              "origin": [ -6.0, 16.0, -24.0 ],
              "size": [ 12.0, 4.0, 16.0 ],
              "uv": [ 176, 65 ]
            }
          ]
        },
        {
          "name": "neck",
          "pivot": [ 0.0, 24.0, 0.0 ],
          "cubes": [
            {
              "origin": [ -5.0, 19.0, -5.0 ],
              "size": [ 10.0, 10.0, 10.0 ],
              "uv": [ 192, 104 ]
            },
            {
              "origin": [ -1.0, 29.0, -3.0 ],
              "size": [ 2.0, 4.0, 6.0 ],
              "uv": [ 48, 0 ]
            }
          ]
        },
        {
          "name": "body",
          "pivot": [ 0.0, 20.0, 8.0 ],
          "cubes": [
            {
              "origin": [ -12.0, -4.0, -8.0 ],
              "size": [ 24.0, 24.0, 64.0 ],
              "uv": [ 0, 0 ]
            },
            {
              "origin": [ -1.0, 20.0, -2.0 ],
              "size": [ 2.0, 6.0, 12.0 ],
              "uv": [ 220, 53 ]
            },
            {
              "origin": [ -1.0, 20.0, 18.0 ],
              "size": [ 2.0, 6.0, 12.0 ],
              "uv": [ 220, 53 ]
            },
            {
              "origin": [ -1.0, 20.0, 38.0 ],
              "size": [ 2.0, 6.0, 12.0 ],
              "uv": [ 220, 53 ]
            }
          ]
        },
        {
          "name": "wing",
          "pivot": [ -12.0, 19.0, 2.0 ],
          "cubes": [
            {
              "origin": [ -68.0, 15.0, -2.0 ],
              "size": [ 56.0, 8.0, 8.0 ],
              "uv": [ 112, 88 ]
            },
            {
              "origin": [ -68.0, 19.0, 4.0 ],
              "size": [ 56.0, 0.0, 56.0 ],
              "uv": [ -56, 88 ]
            }
          ]
        },
        {
          "name": "wingtip",
          "pivot": [ -56.0, 24.0, 0.0 ],
          "cubes": [
            {
              "origin": [ -112.0, 22.0, -2.0 ],
              "size": [ 56.0, 4.0, 4.0 ],
              "uv": [ 112, 136 ]
            },
            {
              "origin": [ -112.0, 24.0, 2.0 ],
              "size": [ 56.0, 0.0, 56.0 ],
              "uv": [ -56, 144 ]
            }
          ]
        },
        {
          "name": "wing1",
          "pivot": [ 12.0, 19.0, 2.0 ],
          "cubes": [
            {
              "origin": [ -44.0, 15.0, -2.0 ],
              "size": [ 56.0, 8.0, 8.0 ],
              "uv": [ 112, 88 ]
            },
            {
              "origin": [ -44.0, 19.0, 4.0 ],
              "size": [ 56.0, 0.0, 56.0 ],
              "uv": [ -56, 88 ]
            }
          ]
        },
        {
          "name": "wingtip1",
          "pivot": [ -56.0, 24.0, 0.0 ],
          "cubes": [
            {
              "origin": [ -112.0, 22.0, -2.0 ],
              "size": [ 56.0, 4.0, 4.0 ],
              "uv": [ 112, 136 ]
            },
            {
              "origin": [ -112.0, 24.0, 2.0 ],
              "size": [ 56.0, 0.0, 56.0 ],
              "uv": [ -56, 144 ]
            }
          ]
        },
        {
          "name": "rearleg",
          "pivot": [ -16.0, 8.0, 42.0 ],
          "cubes": [
            {
              "origin": [ -24.0, -20.0, 34.0 ],
              "size": [ 16.0, 32.0, 16.0 ],
              "uv": [ 0, 0 ]
            }
          ]
        },
        {
          "name": "rearleg1",
          "pivot": [ 16.0, 8.0, 42.0 ],
          "cubes": [
            {
              "origin": [ 8.0, -20.0, 34.0 ],
              "size": [ 16.0, 32.0, 16.0 ],
              "uv": [ 0, 0 ]
            }
          ]
        },
        {
          "name": "frontleg",
          "pivot": [ -12.0, 4.0, 2.0 ],
          "cubes": [
            {
              "origin": [ -16.0, -16.0, -2.0 ],
              "size": [ 8.0, 24.0, 8.0 ],
              "uv": [ 112, 104 ]
            }
          ]
        },
        {
          "name": "frontleg1",
          "pivot": [ 12.0, 4.0, 2.0 ],
          "cubes": [
            {
              "origin": [ 8.0, -16.0, -2.0 ],
              "size": [ 8.0, 24.0, 8.0 ],
              "uv": [ 112, 104 ]
            }
          ]
        },
        {
          "name": "rearlegtip",
          "pivot": [ 0.0, -8.0, -4.0 ],
          "cubes": [
            {
              "origin": [ -6.0, -38.0, -4.0 ],
              "size": [ 12.0, 32.0, 12.0 ],
              "uv": [ 196, 0 ]
            }
          ]
        },
        {
          "name": "rearlegtip1",
          "pivot": [ 0.0, -8.0, -4.0 ],
          "cubes": [
            {
              "origin": [ -6.0, -38.0, -4.0 ],
              "size": [ 12.0, 32.0, 12.0 ],
              "uv": [ 196, 0 ]
            }
          ]
        },
        {
          "name": "frontlegtip",
          "pivot": [ 0.0, 4.0, -1.0 ],
          "cubes": [
            {
              "origin": [ -3.0, -19.0, -4.0 ],
              "size": [ 6.0, 24.0, 6.0 ],
              "uv": [ 226, 138 ]
            }
          ]
        },
        {
          "name": "frontlegtip1",
          "pivot": [ 0.0, 4.0, -1.0 ],
          "cubes": [
            {
              "origin": [ -3.0, -19.0, -4.0 ],
              "size": [ 6.0, 24.0, 6.0 ],
              "uv": [ 226, 138 ]
            }
          ]
        },
        {
          "name": "rearfoot",
          "pivot": [ 0.0, -7.0, 4.0 ],
          "cubes": [
            {
              "origin": [ -9.0, -13.0, -16.0 ],
              "size": [ 18.0, 6.0, 24.0 ],
              "uv": [ 112, 0 ]
            }
          ]
        },
        {
          "name": "rearfoot1",
          "pivot": [ 0.0, -7.0, 4.0 ],
          "cubes": [
            {
              "origin": [ -9.0, -13.0, -16.0 ],
              "size": [ 18.0, 6.0, 24.0 ],
              "uv": [ 112, 0 ]
            }
          ]
        },
        {
          "name": "frontfoot",
          "pivot": [ 0.0, 1.0, 0.0 ],
          "cubes": [
            {
              "origin": [ -4.0, -3.0, -12.0 ],
              "size": [ 8.0, 4.0, 16.0 ],
              "uv": [ 144, 104 ]
            }
          ]
        },
        {
          "name": "frontfoot1",
          "pivot": [ 0.0, 1.0, 0.0 ],
          "cubes": [
            {
              "origin": [ -4.0, -3.0, -12.0 ],
              "size": [ 8.0, 4.0, 16.0 ],
              "uv": [ 144, 104 ]
            }
          ]
        }
      ]
    }
  ]
}