{
  "format_version": "1.12.0",
  "minecraft:geometry": [
    {
      "description": {
        "identifier": "geometry.experience_orb",
        "texture_width": 64,
        "texture_height": 64
      },
      "bones": [
        {
          "name": "body",
          "pivot": [ 8.0, 8.0, 0.0 ],
          "cubes": [
            {
              "origin": [ 0.0, 0.0, 0.0 ],
              "size": [ 16.0, 16.0, 0.0 ],
              "uv": {
                "south": { "uv": [ 0, 0 ] }
              }
            }
          ]
        }
      ]
    }
  ]
}
