{
  "format_version": "1.12.0",
  "minecraft:geometry": [
    {
      "description": {
        "identifier": "geometry.fireworks_rocket",
        "texture_width": 32.0,
        "texture_height": 32.0
      },
      "bones": [
        {
          "name": "body",
          "pivot": [ 0.0, 0.0, 0.0 ],
          "cubes": [
            {
              "origin": [ -8.0, -8.0, 0.0 ],
              "rotation": [ 0.0, 90.0, 0.0 ],
              "size": [ 16.0, 16.0, 0.0 ],
              "uv": {
                "north": {
                  "uv": [ 0.0, 0.0 ]
                }
              }
            },
            {
              "origin": [ -8.0, -8.0, 0.0 ],
              "rotation": [ 90.0, 90.0, 0.0 ],
              "size": [ 16.0, 16.0, 0.0 ],
              "uv": {
                "north": {
                  "uv": [ 0.0, 0.0 ]
                }
              }
            }
          ]
        }
      ]
    }
  ]
}
