{
  "format_version": "1.12.0",
  "minecraft:geometry": [
    {
      "description": {
        "identifier": "geometry.fishing_hook",
        "texture_width": 24,
        "texture_height": 3
      },
      "bones": [
        {
          "name": "body",
          "pivot": [ 0.0, 0.0, 0.0 ],
          "cubes": [
            {
              "origin": [ -1.5, -1.5, -1.5 ],
              "size": [ 3.0, 3.0, 3.0 ],
              "rotation": [ 0.0, 0.0, 180.0 ],
              "uv": {
                "up": { "uv": [ 0, 0 ] },
                "down": { "uv": [ 3, 0 ] },
                "south": {
                  "uv": [ 9, 0 ],
                  "uv_size": [ -3, 3 ]
                },
                "north": { "uv": [ 9, 0 ] },
                "east": { "uv": [ 12, 0 ] },
                "west": { "uv": [ 15, 0 ] }
              }
            },
            {
              "origin": [ 0.0, -4.5, -0.5 ],
              "size": [ 0.0, 3.0, 3.0 ],
              "uv": {
                "east": { "uv": [ 18, 0 ] }
              }
            },
            {
              "origin": [ 0.0, 1.5, -1.5 ],
              "size": [ 0.0, 3.0, 3.0 ],
              "uv": {
                "east": { "uv": [ 21, 0 ] }
              }
            },
            {
              "origin": [ -1.5, 1.5, 0.0 ],
              "size": [ 3.0, 3.0, 0.0 ],
              "uv": {
                "north": { "uv": [ 21, 0 ] }
              }
            }
          ]
        }
      ]
    }
  ]
}
