{
	"format_version": "1.21.0",
	"minecraft:geometry": [
		{
			"description": {
				"identifier": "geometry.guardian_glow",
				"texture_width": 64,
				"texture_height": 64,
				"visible_bounds_width": 7,
				"visible_bounds_height": 5.5,
				"visible_bounds_offset": [0, 2.25, 0]
			},
			"bones": [
				{
					"name": "head",
					"pivot": [0, 0, 0],
					"cubes": [
						{
							"origin": [6.6, 16.6, 6.6],
							"size": [-13.2, -17.2, -13.2],
							"uv": {
								"north": {"uv": [0, 0], "uv_size": [1, 1]},
								"east": {"uv": [0, 0], "uv_size": [1, 1]},
								"south": {"uv": [0, 0], "uv_size": [1, 1]},
								"west": {"uv": [0, 0], "uv_size": [1, 1]},
								"up": {"uv": [1, 1], "uv_size": [-1, -1]},
								"down": {"uv": [1, 1], "uv_size": [-1, -1]}
							}
						},
						{
							"origin": [8.6, 14.6, 6.6],
							"size": [-17.2, -13.2, -13.2],
							"uv": {
								"north": {"uv": [0, 0], "uv_size": [1, 1]},
								"east": {"uv": [0, 0], "uv_size": [1, 1]},
								"south": {"uv": [0, 0], "uv_size": [1, 1]},
								"west": {"uv": [0, 0], "uv_size": [1, 1]},
								"up": {"uv": [1, 1], "uv_size": [-1, -1]},
								"down": {"uv": [1, 1], "uv_size": [-1, -1]}
							}
						},
						{
							"origin": [6.6, 14.6, 8.6],
							"size": [-13.2, -13.2, -17.2],
							"uv": {
								"north": {"uv": [0, 0], "uv_size": [1, 1]},
								"east": {"uv": [0, 0], "uv_size": [1, 1]},
								"south": {"uv": [0, 0], "uv_size": [1, 1]},
								"west": {"uv": [0, 0], "uv_size": [1, 1]},
								"up": {"uv": [1, 1], "uv_size": [-1, -1]},
								"down": {"uv": [1, 1], "uv_size": [-1, -1]}
							}
						}
					]
				},
				{
					"name": "eye",
					"parent": "head",
					"pivot": [0, 24, 0]
				},
				{
					"name": "tailpart0",
					"parent": "head",
					"pivot": [0, 24, 0],
					"cubes": [
						{
							"origin": [2.6, 10.6, 15.6],
							"size": [-5.2, -5.2, -9.2],
							"uv": {
								"north": {"uv": [0, 0], "uv_size": [1, 1]},
								"east": {"uv": [0, 0], "uv_size": [1, 1]},
								"south": {"uv": [0, 0], "uv_size": [1, 1]},
								"west": {"uv": [0, 0], "uv_size": [1, 1]},
								"up": {"uv": [1, 1], "uv_size": [-1, -1]},
								"down": {"uv": [1, 1], "uv_size": [-1, -1]}
							}
						}
					]
				},
				{
					"name": "tailpart1",
					"parent": "tailpart0",
					"pivot": [0, 24, 0],
					"cubes": [
						{
							"origin": [3.6, 10.6, 7.6],
							"size": [-4.2, -4.2, -8.2],
							"uv": {
								"north": {"uv": [0, 0], "uv_size": [1, 1]},
								"east": {"uv": [0, 0], "uv_size": [1, 1]},
								"south": {"uv": [0, 0], "uv_size": [1, 1]},
								"west": {"uv": [0, 0], "uv_size": [1, 1]},
								"up": {"uv": [1, 1], "uv_size": [-1, -1]},
								"down": {"uv": [1, 1], "uv_size": [-1, -1]}
							}
						}
					]
				},
				{
					"name": "tailpart2",
					"parent": "tailpart1",
					"pivot": [0, 24, 0],
					"cubes": [
						{
							"origin": [2.6, 10.6, 6.6],
							"size": [-3.2, -3.2, -7.2],
							"uv": {
								"north": {"uv": [0, 0], "uv_size": [1, 1]},
								"east": {"uv": [0, 0], "uv_size": [1, 1]},
								"south": {"uv": [0, 0], "uv_size": [1, 1]},
								"west": {"uv": [0, 0], "uv_size": [1, 1]},
								"up": {"uv": [1, 1], "uv_size": [-1, -1]},
								"down": {"uv": [1, 1], "uv_size": [-1, -1]}
							}
						},
						{
							"origin": [1.6, 11.1, 5.6],
							"size": [-1.2, -4.2, -3.2],
							"uv": {
								"north": {"uv": [0, 0], "uv_size": [1, 1], "uv_rotation": 180},
								"east": {"uv": [0, 0], "uv_size": [1, 1], "uv_rotation": 180},
								"south": {"uv": [0, 0], "uv_size": [1, 1], "uv_rotation": 180},
								"west": {"uv": [0, 0], "uv_size": [1, 1], "uv_rotation": 180},
								"up": {"uv": [1, 1], "uv_size": [-1, -1], "uv_rotation": 180},
								"down": {"uv": [1, 1], "uv_size": [-1, -1], "uv_rotation": 180}
							}
						},
						{
							"origin": [1.6, 6.1, 12.6],
							"size": [-1.2, -2.2, -6.2],
							"uv": {
								"north": {"uv": [0, 0], "uv_size": [1, 1], "uv_rotation": 180},
								"east": {"uv": [0, 0], "uv_size": [1, 1], "uv_rotation": 180},
								"south": {"uv": [0, 0], "uv_size": [1, 1], "uv_rotation": 180},
								"west": {"uv": [0, 0], "uv_size": [1, 1], "uv_rotation": 180},
								"up": {"uv": [1, 1], "uv_size": [-1, -1], "uv_rotation": 180},
								"down": {"uv": [1, 1], "uv_size": [-1, -1], "uv_rotation": 180}
							}
						},
						{
							"origin": [1.6, 14.1, 12.6],
							"size": [-1.2, -2.2, -6.2],
							"uv": {
								"north": {"uv": [0, 0], "uv_size": [1, 1], "uv_rotation": 180},
								"east": {"uv": [0, 0], "uv_size": [1, 1], "uv_rotation": 180},
								"south": {"uv": [0, 0], "uv_size": [1, 1], "uv_rotation": 180},
								"west": {"uv": [0, 0], "uv_size": [1, 1], "uv_rotation": 180},
								"up": {"uv": [1, 1], "uv_size": [-1, -1], "uv_rotation": 180},
								"down": {"uv": [1, 1], "uv_size": [-1, -1], "uv_rotation": 180}
							}
						},
						{
							"origin": [1.6, 8.1, 12.6],
							"size": [-1.2, -2.2, -9.2],
							"uv": {
								"north": {"uv": [0, 0], "uv_size": [1, 1], "uv_rotation": 180},
								"east": {"uv": [0, 0], "uv_size": [1, 1], "uv_rotation": 180},
								"south": {"uv": [0, 0], "uv_size": [1, 1], "uv_rotation": 180},
								"west": {"uv": [0, 0], "uv_size": [1, 1], "uv_rotation": 180},
								"up": {"uv": [1, 1], "uv_size": [-1, -1], "uv_rotation": 180},
								"down": {"uv": [1, 1], "uv_size": [-1, -1], "uv_rotation": 180}
							}
						},
						{
							"origin": [1.6, 10.1, 12.6],
							"size": [-1.2, -2.2, -2.2],
							"uv": {
								"north": {"uv": [0, 0], "uv_size": [1, 1], "uv_rotation": 180},
								"east": {"uv": [0, 0], "uv_size": [1, 1], "uv_rotation": 180},
								"south": {"uv": [0, 0], "uv_size": [1, 1], "uv_rotation": 180},
								"west": {"uv": [0, 0], "uv_size": [1, 1], "uv_rotation": 180},
								"up": {"uv": [1, 1], "uv_size": [-1, -1], "uv_rotation": 180},
								"down": {"uv": [1, 1], "uv_size": [-1, -1], "uv_rotation": 180}
							}
						},
						{
							"origin": [1.6, 12.1, 12.6],
							"size": [-1.2, -2.2, -9.2],
							"uv": {
								"north": {"uv": [0, 0], "uv_size": [1, 1], "uv_rotation": 180},
								"east": {"uv": [0, 0], "uv_size": [1, 1], "uv_rotation": 180},
								"south": {"uv": [0, 0], "uv_size": [1, 1], "uv_rotation": 180},
								"west": {"uv": [0, 0], "uv_size": [1, 1], "uv_rotation": 180},
								"up": {"uv": [1, 1], "uv_size": [-1, -1], "uv_rotation": 180},
								"down": {"uv": [1, 1], "uv_size": [-1, -1], "uv_rotation": 180}
							}
						},
						{
							"origin": [1.6, 13.1, 11.6],
							"size": [-1.2, -8.2, -7.2],
							"uv": {
								"north": {"uv": [0, 0], "uv_size": [1, 1], "uv_rotation": 180},
								"east": {"uv": [0, 0], "uv_size": [1, 1], "uv_rotation": 180},
								"south": {"uv": [0, 0], "uv_size": [1, 1], "uv_rotation": 180},
								"west": {"uv": [0, 0], "uv_size": [1, 1], "uv_rotation": 180},
								"up": {"uv": [1, 1], "uv_size": [-1, -1], "uv_rotation": 180},
								"down": {"uv": [1, 1], "uv_size": [-1, -1], "uv_rotation": 180}
							}
						},
						{
							"origin": [1.6, 6.1, 12.6],
							"size": [-1.2, -1.2, -2.2],
							"uv": {
								"north": {"uv": [0, 0], "uv_size": [1, 1], "uv_rotation": 180},
								"east": {"uv": [0, 0], "uv_size": [1, 1], "uv_rotation": 180},
								"south": {"uv": [0, 0], "uv_size": [1, 1], "uv_rotation": 180},
								"west": {"uv": [0, 0], "uv_size": [1, 1], "uv_rotation": 180},
								"up": {"uv": [1, 1], "uv_size": [-1, -1], "uv_rotation": 180},
								"down": {"uv": [1, 1], "uv_size": [-1, -1], "uv_rotation": 180}
							}
						}
					]
				},
				{
					"name": "spikepart0",
					"parent": "head",
					"pivot": [0, 24, 0],
					"cubes": [
						{
							"origin": [1.6, 29.1, 1.6],
							"size": [-3.2, -10.2, -3.2],
							"uv": {
								"north": {"uv": [0, 0], "uv_size": [1, 1]},
								"east": {"uv": [0, 0], "uv_size": [1, 1]},
								"south": {"uv": [0, 0], "uv_size": [1, 1]},
								"west": {"uv": [0, 0], "uv_size": [1, 1]},
								"up": {"uv": [1, 1], "uv_size": [-1, -1]},
								"down": {"uv": [1, 1], "uv_size": [-1, -1]}
							}
						}
					]
				},
				{
					"name": "spikepart1",
					"parent": "head",
					"pivot": [0, 24, 0],
					"cubes": [
						{
							"origin": [1.6, 29.1, 1.6],
							"size": [-3.2, -10.2, -3.2],
							"uv": {
								"north": {"uv": [0, 0], "uv_size": [1, 1]},
								"east": {"uv": [0, 0], "uv_size": [1, 1]},
								"south": {"uv": [0, 0], "uv_size": [1, 1]},
								"west": {"uv": [0, 0], "uv_size": [1, 1]},
								"up": {"uv": [1, 1], "uv_size": [-1, -1]},
								"down": {"uv": [1, 1], "uv_size": [-1, -1]}
							}
						}
					]
				},
				{
					"name": "spikepart2",
					"parent": "head",
					"pivot": [0, 24, 0],
					"cubes": [
						{
							"origin": [1.6, 29.1, 1.6],
							"size": [-3.2, -10.2, -3.2],
							"uv": {
								"north": {"uv": [0, 0], "uv_size": [1, 1]},
								"east": {"uv": [0, 0], "uv_size": [1, 1]},
								"south": {"uv": [0, 0], "uv_size": [1, 1]},
								"west": {"uv": [0, 0], "uv_size": [1, 1]},
								"up": {"uv": [1, 1], "uv_size": [-1, -1]},
								"down": {"uv": [1, 1], "uv_size": [-1, -1]}
							}
						}
					]
				},
				{
					"name": "spikepart3",
					"parent": "head",
					"pivot": [0, 24, 0],
					"cubes": [
						{
							"origin": [1.6, 29.1, 1.6],
							"size": [-3.2, -10.2, -3.2],
							"uv": {
								"north": {"uv": [0, 0], "uv_size": [1, 1]},
								"east": {"uv": [0, 0], "uv_size": [1, 1]},
								"south": {"uv": [0, 0], "uv_size": [1, 1]},
								"west": {"uv": [0, 0], "uv_size": [1, 1]},
								"up": {"uv": [1, 1], "uv_size": [-1, -1]},
								"down": {"uv": [1, 1], "uv_size": [-1, -1]}
							}
						}
					]
				},
				{
					"name": "spikepart4",
					"parent": "head",
					"pivot": [0, 24, 0],
					"cubes": [
						{
							"origin": [1.6, 29.1, 1.6],
							"size": [-3.2, -10.2, -3.2],
							"uv": {
								"north": {"uv": [0, 0], "uv_size": [1, 1]},
								"east": {"uv": [0, 0], "uv_size": [1, 1]},
								"south": {"uv": [0, 0], "uv_size": [1, 1]},
								"west": {"uv": [0, 0], "uv_size": [1, 1]},
								"up": {"uv": [1, 1], "uv_size": [-1, -1]},
								"down": {"uv": [1, 1], "uv_size": [-1, -1]}
							}
						}
					]
				},
				{
					"name": "spikepart5",
					"parent": "head",
					"pivot": [0, 24, 0],
					"cubes": [
						{
							"origin": [1.6, 29.1, 1.6],
							"size": [-3.2, -10.2, -3.2],
							"uv": {
								"north": {"uv": [0, 0], "uv_size": [1, 1]},
								"east": {"uv": [0, 0], "uv_size": [1, 1]},
								"south": {"uv": [0, 0], "uv_size": [1, 1]},
								"west": {"uv": [0, 0], "uv_size": [1, 1]},
								"up": {"uv": [1, 1], "uv_size": [-1, -1]},
								"down": {"uv": [1, 1], "uv_size": [-1, -1]}
							}
						}
					]
				},
				{
					"name": "spikepart6",
					"parent": "head",
					"pivot": [0, 24, 0],
					"cubes": [
						{
							"origin": [1.6, 29.1, 1.6],
							"size": [-3.2, -10.2, -3.2],
							"uv": {
								"north": {"uv": [0, 0], "uv_size": [1, 1]},
								"east": {"uv": [0, 0], "uv_size": [1, 1]},
								"south": {"uv": [0, 0], "uv_size": [1, 1]},
								"west": {"uv": [0, 0], "uv_size": [1, 1]},
								"up": {"uv": [1, 1], "uv_size": [-1, -1]},
								"down": {"uv": [1, 1], "uv_size": [-1, -1]}
							}
						}
					]
				},
				{
					"name": "spikepart7",
					"parent": "head",
					"pivot": [0, 24, 0],
					"cubes": [
						{
							"origin": [1.6, 29.1, 1.6],
							"size": [-3.2, -10.2, -3.2],
							"uv": {
								"north": {"uv": [0, 0], "uv_size": [1, 1]},
								"east": {"uv": [0, 0], "uv_size": [1, 1]},
								"south": {"uv": [0, 0], "uv_size": [1, 1]},
								"west": {"uv": [0, 0], "uv_size": [1, 1]},
								"up": {"uv": [1, 1], "uv_size": [-1, -1]},
								"down": {"uv": [1, 1], "uv_size": [-1, -1]}
							}
						}
					]
				},
				{
					"name": "spikepart8",
					"parent": "head",
					"pivot": [0, 24, 0],
					"cubes": [
						{
							"origin": [1.6, 29.1, 1.6],
							"size": [-3.2, -10.2, -3.2],
							"uv": {
								"north": {"uv": [0, 0], "uv_size": [1, 1]},
								"east": {"uv": [0, 0], "uv_size": [1, 1]},
								"south": {"uv": [0, 0], "uv_size": [1, 1]},
								"west": {"uv": [0, 0], "uv_size": [1, 1]},
								"up": {"uv": [1, 1], "uv_size": [-1, -1]},
								"down": {"uv": [1, 1], "uv_size": [-1, -1]}
							}
						}
					]
				},
				{
					"name": "spikepart9",
					"parent": "head",
					"pivot": [0, 24, 0],
					"cubes": [
						{
							"origin": [1.6, 29.1, 1.6],
							"size": [-3.2, -10.2, -3.2],
							"uv": {
								"north": {"uv": [0, 0], "uv_size": [1, 1]},
								"east": {"uv": [0, 0], "uv_size": [1, 1]},
								"south": {"uv": [0, 0], "uv_size": [1, 1]},
								"west": {"uv": [0, 0], "uv_size": [1, 1]},
								"up": {"uv": [1, 1], "uv_size": [-1, -1]},
								"down": {"uv": [1, 1], "uv_size": [-1, -1]}
							}
						}
					]
				},
				{
					"name": "spikepart10",
					"parent": "head",
					"pivot": [0, 24, 0],
					"cubes": [
						{
							"origin": [1.6, 29.1, 1.6],
							"size": [-3.2, -10.2, -3.2],
							"uv": {
								"north": {"uv": [0, 0], "uv_size": [1, 1]},
								"east": {"uv": [0, 0], "uv_size": [1, 1]},
								"south": {"uv": [0, 0], "uv_size": [1, 1]},
								"west": {"uv": [0, 0], "uv_size": [1, 1]},
								"up": {"uv": [1, 1], "uv_size": [-1, -1]},
								"down": {"uv": [1, 1], "uv_size": [-1, -1]}
							}
						}
					]
				},
				{
					"name": "spikepart11",
					"parent": "head",
					"pivot": [0, 24, 0],
					"cubes": [
						{
							"origin": [1.6, 29.1, 1.6],
							"size": [-3.2, -10.2, -3.2],
							"uv": {
								"north": {"uv": [0, 0], "uv_size": [1, 1]},
								"east": {"uv": [0, 0], "uv_size": [1, 1]},
								"south": {"uv": [0, 0], "uv_size": [1, 1]},
								"west": {"uv": [0, 0], "uv_size": [1, 1]},
								"up": {"uv": [1, 1], "uv_size": [-1, -1]},
								"down": {"uv": [1, 1], "uv_size": [-1, -1]}
							}
						}
					]
				}
			]
		}
	]
}