{
	"format_version": "1.12.0",
	"minecraft:geometry": [
		{
			"description": {
				"identifier": "geometry.guardian.v1.8",
				"texture_width": 64,
				"texture_height": 64,
				"visible_bounds_width": 3.5,
				"visible_bounds_height": 3.5,
				"visible_bounds_offset": [0, 1.25, 0]
			},
			"bones": [
				{
					"name": "head",
					"pivot": [0, 0, 0],
					"mirror": true,
					"cubes": [
						{"origin": [-6, 2, -8], "size": [12, 12, 16], "uv": [0, 0], "mirror": false},
						{"origin": [-8, 2, -6], "size": [2, 12, 12], "uv": [0, 28], "mirror": false},
						{"origin": [6, 2, -6], "size": [2, 12, 12], "uv": [0, 28]},
						{"origin": [-6, 14, -6], "size": [12, 2, 12], "uv": [16, 40]},
						{"origin": [-6, 0, -6], "size": [12, 2, 12], "uv": [16, 40]}
					]
				},
				{
					"name": "eye",
					"parent": "head",
					"pivot": [0, 24, 0],
					"cubes": [
						{"origin": [-1, 6, 0], "size": [2, 2, 1], "uv": [8, 0]}
					]
				},
				{
					"name": "tailpart0",
					"parent": "head",
					"pivot": [0, 24, 0],
					"cubes": [
						{"origin": [-2, 6, 7], "size": [4, 4, 8], "uv": [40, 0]}
					]
				},
				{
					"name": "tailpart1",
					"parent": "tailpart0",
					"pivot": [0, 24, 0],
					"cubes": [
						{"origin": [0, 7, 0], "size": [3, 3, 7], "uv": [0, 54]}
					]
				},
				{
					"name": "tailpart2",
					"parent": "tailpart1",
					"pivot": [0, 24, 0],
					"cubes": [
						{"origin": [0, 8, 0], "size": [2, 2, 6], "uv": [41, 32]},
						{"origin": [1, 4.5, 3], "size": [1, 9, 9], "uv": [25, 19]}
					]
				},
				{
					"name": "spikepart0",
					"parent": "head",
					"pivot": [0, 24, 0],
					"cubes": [
						{"origin": [-1, 19.5, -1], "size": [2, 9, 2], "uv": [0, 0]}
					]
				},
				{
					"name": "spikepart1",
					"parent": "head",
					"pivot": [0, 24, 0],
					"cubes": [
						{"origin": [-1, 19.5, -1], "size": [2, 9, 2], "uv": [0, 0]}
					]
				},
				{
					"name": "spikepart2",
					"parent": "head",
					"pivot": [0, 24, 0],
					"cubes": [
						{"origin": [-1, 19.5, -1], "size": [2, 9, 2], "uv": [0, 0]}
					]
				},
				{
					"name": "spikepart3",
					"parent": "head",
					"pivot": [0, 24, 0],
					"cubes": [
						{"origin": [-1, 19.5, -1], "size": [2, 9, 2], "uv": [0, 0]}
					]
				},
				{
					"name": "spikepart4",
					"parent": "head",
					"pivot": [0, 24, 0],
					"cubes": [
						{"origin": [-1, 19.5, -1], "size": [2, 9, 2], "uv": [0, 0]}
					]
				},
				{
					"name": "spikepart5",
					"parent": "head",
					"pivot": [0, 24, 0],
					"cubes": [
						{"origin": [-1, 19.5, -1], "size": [2, 9, 2], "uv": [0, 0]}
					]
				},
				{
					"name": "spikepart6",
					"parent": "head",
					"pivot": [0, 24, 0],
					"cubes": [
						{"origin": [-1, 19.5, -1], "size": [2, 9, 2], "uv": [0, 0]}
					]
				},
				{
					"name": "spikepart7",
					"parent": "head",
					"pivot": [0, 24, 0],
					"cubes": [
						{"origin": [-1, 19.5, -1], "size": [2, 9, 2], "uv": [0, 0]}
					]
				},
				{
					"name": "spikepart8",
					"parent": "head",
					"pivot": [0, 24, 0],
					"cubes": [
						{"origin": [-1, 19.5, -1], "size": [2, 9, 2], "uv": [0, 0]}
					]
				},
				{
					"name": "spikepart9",
					"parent": "head",
					"pivot": [0, 24, 0],
					"cubes": [
						{"origin": [-1, 19.5, -1], "size": [2, 9, 2], "uv": [0, 0]}
					]
				},
				{
					"name": "spikepart10",
					"parent": "head",
					"pivot": [0, 24, 0],
					"cubes": [
						{"origin": [-1, 19.5, -1], "size": [2, 9, 2], "uv": [0, 0]}
					]
				},
				{
					"name": "spikepart11",
					"parent": "head",
					"pivot": [0, 24, 0],
					"cubes": [
						{"origin": [-1, 19.5, -1], "size": [2, 9, 2], "uv": [0, 0]}
					]
				}
			]
		}
	]
}