{
  "format_version": "1.8.0",
  "geometry.horse": {
    "visible_bounds_width": 2,
    "visible_bounds_height": 3,
    "visible_bounds_offset": [ 0, 1, 0 ],
    "texturewidth": 128,
    "textureheight": 128,
    "bones": [
      {
        "name": "Body",
        "pivot": [ 0.00, 13.00, 9.00 ],
        "rotation": [ 0.00, 0.00, 0.00 ],
        "cubes": [
          {
            "origin": [ -5.00, 11.00, -10.00 ],
            "size": [ 10.00, 10.00, 24.00 ],
            "uv": [ 0, 34 ]
          }
        ]
      },
      {
        "name": "TailA",
        "pivot": [ 0.00, 21.00, 14.00 ],
        "rotation": [ -65.00, 0.00, 0.00 ],
        "cubes": [
          {
            "origin": [ -1.00, 20.00, 14.00 ],
            "size": [ 2.00, 2.00, 3.00 ],
            "uv": [ 44, 0 ]
          }
        ]
      },
      {
        "name": "TailB",
        "pivot": [ 0.00, 21.00, 14.00 ],
        "rotation": [ -65.00, 0.00, 0.00 ],
        "cubes": [
          {
            "origin": [ -1.50, 19.00, 17.00 ],
            "size": [ 3.00, 4.00, 7.00 ],
            "uv": [ 38, 7 ]
          }
        ]
      },
      {
        "name": "TailC",
        "pivot": [ 0.00, 21.00, 14.00 ],
        "rotation": [ -80.34, 0.00, 0.00 ],
        "cubes": [
          {
            "origin": [ -1.50, 21.50, 23.00 ],
            "size": [ 3.00, 4.00, 7.00 ],
            "uv": [ 24, 3 ]
          }
        ]
      },
      {
        "name": "Leg1A",
        "pivot": [ 4.00, 15.00, 11.00 ],
        "rotation": [ 0.00, 0.00, 0.00 ],
        "cubes": [
          {
            "origin": [ 1.50, 8.00, 8.50 ],
            "size": [ 4.00, 9.00, 5.00 ],
            "uv": [ 78, 29 ]
          }
        ]
      },
      {
        "name": "Leg1B",
        "pivot": [ 4.00, 8.00, 11.00 ],
        "rotation": [ 0.00, 0.00, 0.00 ],
        "cubes": [
          {
            "origin": [ 2.00, 3.00, 9.50 ],
            "size": [ 3.00, 5.00, 3.00 ],
            "uv": [ 78, 43 ]
          }
        ]
      },
      {
        "name": "Leg1C",
        "pivot": [ 4.00, 8.00, 11.00 ],
        "rotation": [ 0.00, 0.00, 0.00 ],
        "cubes": [
          {
            "origin": [ 1.50, -0.10, 9.00 ],
            "size": [ 4.00, 3.00, 4.00 ],
            "uv": [ 78, 51 ]
          }
        ]
      },
      {
        "name": "Leg2A",
        "pivot": [ -4.00, 15.00, 11.00 ],
        "rotation": [ 0.00, 0.00, 0.00 ],
        "cubes": [
          {
            "origin": [ -5.50, 8.00, 8.50 ],
            "size": [ 4.00, 9.00, 5.00 ],
            "uv": [ 96, 29 ]
          }
        ]
      },
      {
        "name": "Leg2B",
        "pivot": [ -4.00, 8.00, 11.00 ],
        "rotation": [ 0.00, 0.00, 0.00 ],
        "cubes": [
          {
            "origin": [ -5.00, 3.00, 9.50 ],
            "size": [ 3.00, 5.00, 3.00 ],
            "uv": [ 96, 43 ]
          }
        ]
      },
      {
        "name": "Leg2C",
        "pivot": [ -4.00, 8.00, 11.00 ],
        "rotation": [ 0.00, 0.00, 0.00 ],
        "cubes": [
          {
            "origin": [ -5.50, -0.10, 9.00 ],
            "size": [ 4.00, 3.00, 4.00 ],
            "uv": [ 96, 51 ]
          }
        ]
      },
      {
        "name": "Leg3A",
        "pivot": [ 4.00, 15.00, -8.00 ],
        "rotation": [ 0.00, 0.00, 0.00 ],
        "cubes": [
          {
            "origin": [ 2.10, 8.00, -10.10 ],
            "size": [ 3.00, 8.00, 4.00 ],
            "uv": [ 44, 29 ]
          }
        ]
      },
      {
        "name": "Leg3B",
        "pivot": [ 4.00, 8.00, -8.00 ],
        "rotation": [ 0.00, 0.00, 0.00 ],
        "cubes": [
          {
            "origin": [ 2.10, 3.00, -9.60 ],
            "size": [ 3.00, 5.00, 3.00 ],
            "uv": [ 44, 41 ]
          }
        ]
      },
      {
        "name": "Leg3C",
        "pivot": [ 4.00, 8.00, -8.00 ],
        "rotation": [ 0.00, 0.00, 0.00 ],
        "cubes": [
          {
            "origin": [ 1.60, -0.10, -10.10 ],
            "size": [ 4.00, 3.00, 4.00 ],
            "uv": [ 44, 51 ]
          }
        ]
      },
      {
        "name": "Leg4A",
        "pivot": [ -4.00, 15.00, -8.00 ],
        "rotation": [ 0.00, 0.00, 0.00 ],
        "cubes": [
          {
            "origin": [ -5.10, 8.00, -10.10 ],
            "size": [ 3.00, 8.00, 4.00 ],
            "uv": [ 60, 29 ]
          }
        ]
      },
      {
        "name": "Leg4B",
        "pivot": [ -4.00, 8.00, -8.00 ],
        "rotation": [ 0.00, 0.00, 0.00 ],
        "cubes": [
          {
            "origin": [ -5.10, 3.00, -9.60 ],
            "size": [ 3.00, 5.00, 3.00 ],
            "uv": [ 60, 41 ]
          }
        ]
      },
      {
        "name": "Leg4C",
        "pivot": [ -4.00, 8.00, -8.00 ],
        "rotation": [ 0.00, 0.00, 0.00 ],
        "cubes": [
          {
            "origin": [ -5.60, -0.10, -10.10 ],
            "size": [ 4.00, 3.00, 4.00 ],
            "uv": [ 60, 51 ]
          }
        ]
      },
      {
        "name": "Head",
        "pivot": [ 0.00, 20.00, -10.00 ],
        "rotation": [ 30.00, 0.00, 0.00 ],
        "cubes": [
          {
            "origin": [ -2.50, 25.00, -11.50 ],
            "size": [ 5.00, 5.00, 7.00 ],
            "uv": [ 0, 0 ]
          }
        ]
      },
      {
        "name": "UMouth",
        "parent":  "head",
        "pivot": [ 0.00, 20.05, -10.00 ],
        "rotation": [ 0.00, 0.00, 0.00 ],
        "cubes": [
          {
            "origin": [ -2.00, 27.05, -17.00 ],
            "size": [ 4.00, 3.00, 6.00 ],
            "uv": [ 24, 18 ]
          }
        ]
      },
      {
        "name": "LMouth",
        "parent": "head",
        "pivot": [ 0.00, 20.00, -10.00 ],
        "rotation": [ 0.00, 0.00, 0.00 ],
        "cubes": [
          {
            "origin": [ -2.00, 25.00, -16.50 ],
            "size": [ 4.00, 2.00, 5.00 ],
            "uv": [ 24, 27 ]
          }
        ]
      },
      {
        "name": "Ear1",
        "pivot": [ 0.00, 20.00, -10.00 ],
        "rotation": [ 30.00, 0.00, 0.00 ],
        "cubes": [
          {
            "origin": [ 0.45, 29.00, -6.00 ],
            "size": [ 2.00, 3.00, 1.00 ],
            "uv": [ 0, 0 ]
          }
        ]
      },
      {
        "name": "Ear2",
        "pivot": [ 0.00, 20.00, -10.00 ],
        "rotation": [ 30.00, 0.00, 0.00 ],
        "cubes": [
          {
            "origin": [ -2.45, 29.00, -6.00 ],
            "size": [ 2.00, 3.00, 1.00 ],
            "uv": [ 0, 0 ]
          }
        ]
      },
      {
        "name": "MuleEarL",
        "pivot": [ 0.00, 20.00, -10.00 ],
        "rotation": [ 30.00, 0.00, 15.00 ],
        "cubes": [
          {
            "origin": [ -2.00, 29.00, -6.00 ],
            "size": [ 2.00, 7.00, 1.00 ],
            "uv": [ 0, 12 ]
          }
        ]
      },
      {
        "name": "MuleEarR",
        "pivot": [ 0.00, 20.00, -10.00 ],
        "rotation": [ 30.00, 0.00, -15.00 ],
        "cubes": [
          {
            "origin": [ 0.00, 29.00, -6.00 ],
            "size": [ 2.00, 7.00, 1.00 ],
            "uv": [ 0, 12 ]
          }
        ]
      },
      {
        "name": "Neck",
        "pivot": [ 0.00, 20.00, -10.00 ],
        "rotation": [ 30.00, 0.00, 0.00 ],
        "cubes": [
          {
            "origin": [ -2.05, 15.80, -12.00 ],
            "size": [ 4.00, 14.00, 8.00 ],
            "uv": [ 0, 12 ]
          }
        ],
        "locators": {
          "lead": [ 0, 17, -8 ]
        }
      },
      {
        "name": "Bag1",
        "pivot": [ -7.50, 21.00, 10.00 ],
        "rotation": [ 0.00, 90.00, 0.00 ],
        "cubes": [
          {
            "origin": [ -10.50, 13.00, 10.00 ],
            "size": [ 8.00, 8.00, 3.00 ],
            "uv": [ 0, 34 ]
          }
        ]
      },
      {
        "name": "Bag2",
        "pivot": [ 4.50, 21.00, 10.00 ],
        "rotation": [ 0.00, 90.00, 0.00 ],
        "cubes": [
          {
            "origin": [ 1.50, 13.00, 10.00 ],
            "size": [ 8.00, 8.00, 3.00 ],
            "uv": [ 0, 47 ]
          }
        ]
      },
      {
        "name": "Saddle",
        "pivot": [ 0.00, 22.00, 2.00 ],
        "rotation": [ 0.00, 0.00, 0.00 ],
        "cubes": [
          {
            "origin": [ -5.00, 21.00, -1.00 ],
            "size": [ 10.00, 1.00, 8.00 ],
            "uv": [ 80, 0 ]
          }
        ]
      },
      {
        "name": "SaddleB",
        "pivot": [ 0.00, 22.00, 2.00 ],
        "rotation": [ 0.00, 0.00, 0.00 ],
        "cubes": [
          {
            "origin": [ -1.50, 22.00, -1.00 ],
            "size": [ 3.00, 1.00, 2.00 ],
            "uv": [ 106, 9 ]
          }
        ]
      },
      {
        "name": "SaddleC",
        "pivot": [ 0.00, 22.00, 2.00 ],
        "rotation": [ 0.00, 0.00, 0.00 ],
        "cubes": [
          {
            "origin": [ -4.00, 22.00, 5.00 ],
            "size": [ 8.00, 1.00, 2.00 ],
            "uv": [ 80, 9 ]
          }
        ]
      },
      {
        "name": "SaddleL2",
        "pivot": [ 5.00, 21.00, 2.00 ],
        "rotation": [ 0.00, 0.00, 0.00 ],
        "cubes": [
          {
            "origin": [ 4.50, 13.00, 1.00 ],
            "size": [ 1.00, 2.00, 2.00 ],
            "uv": [ 74, 0 ]
          }
        ]
      },
      {
        "name": "SaddleL",
        "pivot": [ 5.00, 21.00, 2.00 ],
        "rotation": [ 0.00, 0.00, 0.00 ],
        "cubes": [
          {
            "origin": [ 4.50, 15.00, 1.50 ],
            "size": [ 1.00, 6.00, 1.00 ],
            "uv": [ 70, 0 ]
          }
        ]
      },
      {
        "name": "SaddleR2",
        "pivot": [ -5.00, 21.00, 2.00 ],
        "rotation": [ 0.00, 0.00, 0.00 ],
        "cubes": [
          {
            "origin": [ -5.50, 13.00, 1.00 ],
            "size": [ 1.00, 2.00, 2.00 ],
            "uv": [ 74, 4 ]
          }
        ]
      },
      {
        "name": "SaddleR",
        "pivot": [ -5.00, 21.00, 2.00 ],
        "rotation": [ 0.00, 0.00, 0.00 ],
        "cubes": [
          {
            "origin": [ -5.50, 15.00, 1.50 ],
            "size": [ 1.00, 6.00, 1.00 ],
            "uv": [ 80, 0 ]
          }
        ]
      },
      {
        "name": "SaddleMouthL",
        "pivot": [ 0.00, 20.00, -10.00 ],
        "rotation": [ 30.00, 0.00, 0.00 ],
        "cubes": [
          {
            "origin": [ 1.50, 26.00, -14.00 ],
            "size": [ 1.00, 2.00, 2.00 ],
            "uv": [ 74, 13 ]
          }
        ]
      },
      {
        "name": "SaddleMouthR",
        "pivot": [ 0.00, 20.00, -10.00 ],
        "rotation": [ 30.00, 0.00, 0.00 ],
        "cubes": [
          {
            "origin": [ -2.50, 26.00, -14.00 ],
            "size": [ 1.00, 2.00, 2.00 ],
            "uv": [ 74, 13 ]
          }
        ]
      },
      {
        "name": "SaddleMouthLine",
        "pivot": [ 0.00, 20.00, -10.00 ],
        "rotation": [ 0.00, 0.00, 0.00 ],
        "cubes": [
          {
            "origin": [ 2.60, 23.00, -16.00 ],
            "size": [ 0.00, 3.00, 16.00 ],
            "uv": [ 44, 10 ]
          }
        ]
      },
      {
        "name": "SaddleMouthLineR",
        "pivot": [ 0.00, 20.00, -10.00 ],
        "rotation": [ 0.00, 0.00, 0.00 ],
        "cubes": [
          {
            "origin": [ -2.60, 23.00, -16.00 ],
            "size": [ 0.00, 3.00, 16.00 ],
            "uv": [ 44, 5 ]
          }
        ]
      },
      {
        "name": "Mane",
        "pivot": [ 0.00, 20.00, -10.00 ],
        "rotation": [ 30.00, 0.00, 0.00 ],
        "cubes": [
          {
            "origin": [ -1.00, 15.50, -5.00 ],
            "size": [ 2.00, 16.00, 4.00 ],
            "uv": [ 58, 0 ]
          }
        ]
      },
      {
        "name": "HeadSaddle",
        "pivot": [ 0.00, 20.00, -10.00 ],
        "rotation": [ 30.00, 0.00, 0.00 ],
        "cubes": [
          {
            "origin": [ -2.50, 25.10, -17.00 ],
            "size": [ 5.00, 5.00, 12.00 ],
            "uv": [ 80, 12 ],
            "inflate": 0.05
          }
        ]
      }
    ]
  }
}