{
	"format_version": "1.12.0",
	"minecraft:geometry": [
		{
			"description": {
				"identifier": "geometry.llama_glow",
				"texture_width": 128,
				"texture_height": 64,
				"visible_bounds_width": 3,
				"visible_bounds_height": 3.25,
				"visible_bounds_offset": [0, 1.375, 0]
			},
			"bones": [
				{
					"name": "body",
					"pivot": [0, 19, 2],
					"cubes": [
						{"origin": [-6, 11, -5], "size": [12, 18, 10], "inflate": 0.6, "pivot": [0, 19, 2], "rotation": [90, 0, 0], "uv": [29, 0]}
					]
				},
				{
					"name": "head",
					"parent": "body",
					"pivot": [0, 17, -6],
					"cubes": [
						{"origin": [-2, 27, -16], "size": [4, 4, 9], "inflate": 0.6, "uv": [0, 0]},
						{"origin": [-4, 15, -12], "size": [8, 18, 6], "inflate": 0.6, "uv": [0, 14]},
						{"origin": [-4, 33, -10], "size": [3, 3, 2], "inflate": 0.6, "uv": [17, 0]},
						{"origin": [1, 33, -10], "size": [3, 3, 2], "inflate": 0.6, "uv": [17, 0]}
					],
					"locators": {
						"lead": [0, 18, -11]
					}
				},
				{
					"name": "chest1",
					"parent": "body",
					"pivot": [-8.5, 21, 3],
					"rotation": [0, 90, 0],
					"cubes": [
						{"origin": [-11.5, 13, 3], "size": [8, 8, 3], "inflate": 0.6, "uv": [45, 28]}
					]
				},
				{
					"name": "chest2",
					"parent": "body",
					"pivot": [5.5, 21, 3],
					"rotation": [0, 90, 0],
					"cubes": [
						{"origin": [2.5, 13, 3], "size": [8, 8, 3], "inflate": 0.6, "uv": [45, 41]}
					]
				},
				{
					"name": "leg0",
					"parent": "body",
					"pivot": [-3.5, 14, 6],
					"cubes": [
						{"origin": [-5.5, 0, 4], "size": [4, 14, 4], "inflate": 0.6, "uv": [29, 29]}
					]
				},
				{
					"name": "leg1",
					"parent": "body",
					"pivot": [3.5, 14, 6],
					"cubes": [
						{"origin": [1.5, 0, 4], "size": [4, 14, 4], "inflate": 0.6, "uv": [29, 29]}
					]
				},
				{
					"name": "leg2",
					"parent": "body",
					"pivot": [-3.5, 14, -5],
					"cubes": [
						{"origin": [-5.5, 0, -7], "size": [4, 14, 4], "inflate": 0.6, "uv": [29, 29]}
					]
				},
				{
					"name": "leg3",
					"parent": "body",
					"pivot": [3.5, 14, -5],
					"cubes": [
						{"origin": [1.5, 0, -7], "size": [4, 14, 4], "inflate": 0.6, "uv": [29, 29]}
					]
				}
			]
		}
	]
}