{
	"format_version": "1.12.0",
	"minecraft:geometry": [
		{
			"description": {
				"identifier": "geometry.phantom_glow",
				"texture_width": 64,
				"texture_height": 64,
				"visible_bounds_width": 4,
				"visible_bounds_height": 3.5,
				"visible_bounds_offset": [0, 1.25, 0]
			},
			"bones": [
				{
					"name": "body",
					"pivot": [0, 24, 0],
					"cubes": [
						{
							"origin": [-3, 23, -8],
							"size": [5, 3, 9],
							"inflate": 0.6,
							"uv": {
								"north": {"uv": [9, 17], "uv_size": [5, 3]},
								"east": {"uv": [0, 17], "uv_size": [9, 3]},
								"south": {"uv": [23, 17], "uv_size": [5, 3]},
								"west": {"uv": [14, 17], "uv_size": [9, 3]},
								"up": {"uv": [9, 8], "uv_size": [5, 9]},
								"down": {"uv": [14, 17], "uv_size": [5, -9]}
							}
						}
					]
				},
				{
					"name": "wing0",
					"parent": "body",
					"pivot": [2, 26, -8],
					"cubes": [
						{
							"origin": [2, 24, -8],
							"size": [6, 2, 9],
							"inflate": 0.6,
							"uv": {
								"north": {"uv": [32, 21], "uv_size": [6, 2]},
								"east": {"uv": [23, 21], "uv_size": [9, 2]},
								"south": {"uv": [47, 21], "uv_size": [6, 2]},
								"west": {"uv": [38, 21], "uv_size": [9, 2]},
								"up": {"uv": [32, 12], "uv_size": [6, 9]},
								"down": {"uv": [38, 21], "uv_size": [6, -9]}
							}
						}
					]
				},
				{
					"name": "wingtip0",
					"parent": "wing0",
					"pivot": [8, 26, -8],
					"cubes": [
						{
							"origin": [8, 25, -8],
							"size": [13, 1, 0],
							"inflate": 0.6,
							"uv": {
								"north": {"uv": [25, 33], "uv_size": [13, 1]},
								"east": {"uv": [16, 33], "uv_size": [9, 1]},
								"south": {"uv": [47, 33], "uv_size": [13, 1]},
								"west": {"uv": [38, 33], "uv_size": [9, 1]},
								"up": {"uv": [25, 24], "uv_size": [13, 9]},
								"down": {"uv": [38, 33], "uv_size": [13, -9]}
							}
						},
						{
							"origin": [21, 25, -8],
							"size": [0, 1, 9],
							"inflate": 0.6,
							"uv": {
								"north": {"uv": [25, 33], "uv_size": [13, 1]},
								"east": {"uv": [16, 33], "uv_size": [9, 1]},
								"south": {"uv": [47, 33], "uv_size": [13, 1]},
								"west": {"uv": [38, 33], "uv_size": [9, 1]},
								"up": {"uv": [25, 24], "uv_size": [13, 9]},
								"down": {"uv": [38, 33], "uv_size": [13, -9]}
							}
						},
						{
							"origin": [8, 25, -8],
							"size": [0, 1, 9],
							"inflate": 0.6,
							"uv": {
								"north": {"uv": [25, 33], "uv_size": [13, 1]},
								"east": {"uv": [16, 33], "uv_size": [9, 1]},
								"south": {"uv": [47, 33], "uv_size": [13, 1]},
								"west": {"uv": [38, 33], "uv_size": [9, 1]},
								"up": {"uv": [25, 24], "uv_size": [13, 9]},
								"down": {"uv": [38, 33], "uv_size": [13, -9]}
							}
						}
					],
					"locators": {
						"left_wing": [21, 26, 0]
					}
				},
				{
					"name": "wingtip_bottom2",
					"parent": "wingtip0",
					"pivot": [0, 0, 0],
					"cubes": [
						{
							"origin": [8, 25, -8],
							"size": [7, 0, 3],
							"inflate": 0.6,
							"uv": {
								"north": {"uv": [25, 33], "uv_size": [7, 1]},
								"east": {"uv": [22, 33], "uv_size": [3, 1]},
								"south": {"uv": [53, 33], "uv_size": [7, 1]},
								"west": {"uv": [38, 33], "uv_size": [3, 1]},
								"up": {"uv": [25, 30], "uv_size": [7, 3]},
								"down": {"uv": [38, 33], "uv_size": [7, -3]}
							}
						},
						{
							"origin": [8, 25, -5],
							"size": [2, 0, 2],
							"inflate": 0.6,
							"uv": {
								"north": {"uv": [25, 33], "uv_size": [2, 1]},
								"east": {"uv": [20, 33], "uv_size": [2, 1]},
								"south": {"uv": [58, 33], "uv_size": [2, 1]},
								"west": {"uv": [41, 33], "uv_size": [2, 1]},
								"up": {"uv": [25, 28], "uv_size": [2, 2]},
								"down": {"uv": [38, 30], "uv_size": [2, -2]}
							}
						},
						{
							"origin": [8, 25, -3],
							"size": [1, 0, 2],
							"inflate": 0.6,
							"uv": {
								"north": {"uv": [25, 33], "uv_size": [1, 1]},
								"east": {"uv": [18, 33], "uv_size": [2, 1]},
								"south": {"uv": [59, 33], "uv_size": [1, 1]},
								"west": {"uv": [43, 33], "uv_size": [2, 1]},
								"up": {"uv": [25, 26], "uv_size": [1, 2]},
								"down": {"uv": [38, 28], "uv_size": [1, -2]}
							}
						},
						{
							"origin": [10, 25, -5],
							"size": [3, 0, 1],
							"inflate": 0.6,
							"uv": {
								"north": {"uv": [27, 33], "uv_size": [3, 1]},
								"east": {"uv": [21, 33], "uv_size": [1, 1]},
								"south": {"uv": [55, 33], "uv_size": [3, 1]},
								"west": {"uv": [41, 33], "uv_size": [1, 1]},
								"up": {"uv": [27, 29], "uv_size": [3, 1]},
								"down": {"uv": [40, 30], "uv_size": [3, -1]}
							}
						},
						{
							"origin": [11, 25, -4],
							"size": [1, 0, 1],
							"inflate": 0.6,
							"uv": {
								"north": {"uv": [28, 33], "uv_size": [1, 1]},
								"east": {"uv": [20, 33], "uv_size": [1, 1]},
								"south": {"uv": [56, 33], "uv_size": [1, 1]},
								"west": {"uv": [42, 33], "uv_size": [1, 1]},
								"up": {"uv": [28, 28], "uv_size": [1, 1]},
								"down": {"uv": [41, 29], "uv_size": [1, -1]}
							}
						},
						{
							"origin": [13, 25, -5],
							"size": [1, 0, 2],
							"inflate": 0.6,
							"uv": {
								"north": {"uv": [30, 33], "uv_size": [1, 1]},
								"east": {"uv": [20, 33], "uv_size": [2, 1]},
								"south": {"uv": [54, 33], "uv_size": [1, 1]},
								"west": {"uv": [41, 33], "uv_size": [2, 1]},
								"up": {"uv": [30, 28], "uv_size": [1, 2]},
								"down": {"uv": [43, 30], "uv_size": [1, -2]}
							}
						},
						{
							"origin": [16, 25, -8],
							"size": [2, 0, 4],
							"inflate": 0.6,
							"uv": {
								"north": {"uv": [33, 33], "uv_size": [2, 1]},
								"east": {"uv": [21, 33], "uv_size": [4, 1]},
								"south": {"uv": [50, 33], "uv_size": [2, 1]},
								"west": {"uv": [38, 33], "uv_size": [4, 1]},
								"up": {"uv": [33, 29], "uv_size": [2, 4]},
								"down": {"uv": [46, 33], "uv_size": [2, -4]}
							}
						},
						{
							"origin": [15, 25, -8],
							"size": [1, 0, 2],
							"inflate": 0.6,
							"uv": {
								"north": {"uv": [32, 33], "uv_size": [1, 1]},
								"east": {"uv": [23, 33], "uv_size": [2, 1]},
								"south": {"uv": [52, 33], "uv_size": [1, 1]},
								"west": {"uv": [38, 33], "uv_size": [2, 1]},
								"up": {"uv": [32, 31], "uv_size": [1, 2]},
								"down": {"uv": [45, 33], "uv_size": [1, -2]}
							}
						},
						{
							"origin": [17, 25, -4],
							"size": [1, 0, 1],
							"inflate": 0.6,
							"uv": {
								"north": {"uv": [34, 33], "uv_size": [1, 1]},
								"east": {"uv": [20, 33], "uv_size": [1, 1]},
								"south": {"uv": [50, 33], "uv_size": [1, 1]},
								"west": {"uv": [42, 33], "uv_size": [1, 1]},
								"up": {"uv": [34, 28], "uv_size": [1, 1]},
								"down": {"uv": [47, 29], "uv_size": [1, -1]}
							}
						},
						{
							"origin": [19, 25, -8],
							"size": [2, 0, 5],
							"inflate": 0.6,
							"uv": {
								"north": {"uv": [36, 33], "uv_size": [2, 1]},
								"east": {"uv": [20, 33], "uv_size": [5, 1]},
								"south": {"uv": [47, 33], "uv_size": [2, 1]},
								"west": {"uv": [38, 33], "uv_size": [5, 1]},
								"up": {"uv": [36, 28], "uv_size": [2, 5]},
								"down": {"uv": [49, 33], "uv_size": [2, -5]}
							}
						},
						{
							"origin": [18, 25, -8],
							"size": [1, 0, 3],
							"inflate": 0.6,
							"uv": {
								"north": {"uv": [35, 33], "uv_size": [1, 1]},
								"east": {"uv": [22, 33], "uv_size": [3, 1]},
								"south": {"uv": [49, 33], "uv_size": [1, 1]},
								"west": {"uv": [38, 33], "uv_size": [3, 1]},
								"up": {"uv": [35, 30], "uv_size": [1, 3]},
								"down": {"uv": [48, 33], "uv_size": [1, -3]}
							}
						},
						{
							"origin": [20, 25, -3],
							"size": [1, 0, 1],
							"inflate": 0.6,
							"uv": {
								"north": {"uv": [37, 33], "uv_size": [1, 1]},
								"east": {"uv": [19, 33], "uv_size": [1, 1]},
								"south": {"uv": [47, 33], "uv_size": [1, 1]},
								"west": {"uv": [43, 33], "uv_size": [1, 1]},
								"up": {"uv": [37, 27], "uv_size": [1, 1]},
								"down": {"uv": [50, 28], "uv_size": [1, -1]}
							}
						}
					]
				},
				{
					"name": "wingtip_top2",
					"parent": "wingtip0",
					"pivot": [0, 0, 0],
					"cubes": [
						{
							"origin": [8, 26, -8],
							"size": [6, 0, 5],
							"inflate": 0.6,
							"uv": {
								"north": {"uv": [25, 33], "uv_size": [6, 1]},
								"east": {"uv": [20, 33], "uv_size": [5, 1]},
								"south": {"uv": [54, 33], "uv_size": [6, 1]},
								"west": {"uv": [38, 33], "uv_size": [5, 1]},
								"up": {"uv": [25, 28], "uv_size": [6, 5]},
								"down": {"uv": [38, 33], "uv_size": [6, -5]}
							}
						},
						{
							"origin": [8, 26, -3],
							"size": [2, 0, 2],
							"inflate": 0.6,
							"uv": {
								"north": {"uv": [25, 33], "uv_size": [2, 1]},
								"east": {"uv": [18, 33], "uv_size": [2, 1]},
								"south": {"uv": [58, 33], "uv_size": [2, 1]},
								"west": {"uv": [43, 33], "uv_size": [2, 1]},
								"up": {"uv": [25, 26], "uv_size": [2, 2]},
								"down": {"uv": [38, 28], "uv_size": [2, -2]}
							}
						},
						{
							"origin": [8, 26, -1],
							"size": [1, 0, 1],
							"inflate": 0.6,
							"uv": {
								"north": {"uv": [25, 33], "uv_size": [1, 1]},
								"east": {"uv": [17, 33], "uv_size": [1, 1]},
								"south": {"uv": [59, 33], "uv_size": [1, 1]},
								"west": {"uv": [45, 33], "uv_size": [1, 1]},
								"up": {"uv": [25, 25], "uv_size": [1, 1]},
								"down": {"uv": [38, 26], "uv_size": [1, -1]}
							}
						},
						{
							"origin": [10, 26, -3],
							"size": [2, 0, 1],
							"inflate": 0.6,
							"uv": {
								"north": {"uv": [27, 33], "uv_size": [2, 1]},
								"east": {"uv": [19, 33], "uv_size": [1, 1]},
								"south": {"uv": [56, 33], "uv_size": [2, 1]},
								"west": {"uv": [43, 33], "uv_size": [1, 1]},
								"up": {"uv": [27, 27], "uv_size": [2, 1]},
								"down": {"uv": [40, 28], "uv_size": [2, -1]}
							}
						},
						{
							"origin": [11, 26, -2],
							"size": [1, 0, 1],
							"inflate": 0.6,
							"uv": {
								"north": {"uv": [28, 33], "uv_size": [1, 1]},
								"east": {"uv": [18, 33], "uv_size": [1, 1]},
								"south": {"uv": [56, 33], "uv_size": [1, 1]},
								"west": {"uv": [44, 33], "uv_size": [1, 1]},
								"up": {"uv": [28, 26], "uv_size": [1, 1]},
								"down": {"uv": [41, 27], "uv_size": [1, -1]}
							}
						},
						{
							"origin": [13, 26, -3],
							"size": [1, 0, 2],
							"inflate": 0.6,
							"uv": {
								"north": {"uv": [30, 33], "uv_size": [1, 1]},
								"east": {"uv": [18, 33], "uv_size": [2, 1]},
								"south": {"uv": [54, 33], "uv_size": [1, 1]},
								"west": {"uv": [43, 33], "uv_size": [2, 1]},
								"up": {"uv": [30, 26], "uv_size": [1, 2]},
								"down": {"uv": [43, 28], "uv_size": [1, -2]}
							}
						},
						{
							"origin": [14, 26, -8],
							"size": [1, 0, 3],
							"inflate": 0.6,
							"uv": {
								"north": {"uv": [31, 33], "uv_size": [1, 1]},
								"east": {"uv": [22, 33], "uv_size": [3, 1]},
								"south": {"uv": [53, 33], "uv_size": [1, 1]},
								"west": {"uv": [38, 33], "uv_size": [3, 1]},
								"up": {"uv": [31, 30], "uv_size": [1, 3]},
								"down": {"uv": [44, 33], "uv_size": [1, -3]}
							}
						},
						{
							"origin": [15, 26, -8],
							"size": [6, 0, 5],
							"inflate": 0.6,
							"uv": {
								"north": {"uv": [32, 33], "uv_size": [6, 1]},
								"east": {"uv": [20, 33], "uv_size": [5, 1]},
								"south": {"uv": [47, 33], "uv_size": [6, 1]},
								"west": {"uv": [38, 33], "uv_size": [5, 1]},
								"up": {"uv": [32, 28], "uv_size": [6, 5]},
								"down": {"uv": [45, 33], "uv_size": [6, -5]}
							}
						},
						{
							"origin": [15, 26, -3],
							"size": [1, 0, 1],
							"inflate": 0.6,
							"uv": {
								"north": {"uv": [32, 33], "uv_size": [1, 1]},
								"east": {"uv": [19, 33], "uv_size": [1, 1]},
								"south": {"uv": [52, 33], "uv_size": [1, 1]},
								"west": {"uv": [43, 33], "uv_size": [1, 1]},
								"up": {"uv": [32, 27], "uv_size": [1, 1]},
								"down": {"uv": [45, 28], "uv_size": [1, -1]}
							}
						},
						{
							"origin": [17, 26, -3],
							"size": [4, 0, 1],
							"inflate": 0.6,
							"uv": {
								"north": {"uv": [34, 33], "uv_size": [4, 1]},
								"east": {"uv": [19, 33], "uv_size": [1, 1]},
								"south": {"uv": [47, 33], "uv_size": [4, 1]},
								"west": {"uv": [43, 33], "uv_size": [1, 1]},
								"up": {"uv": [34, 27], "uv_size": [4, 1]},
								"down": {"uv": [47, 28], "uv_size": [4, -1]}
							}
						},
						{
							"origin": [18, 26, -2],
							"size": [1, 0, 1],
							"inflate": 0.6,
							"uv": {
								"north": {"uv": [35, 33], "uv_size": [1, 1]},
								"east": {"uv": [18, 33], "uv_size": [1, 1]},
								"south": {"uv": [49, 33], "uv_size": [1, 1]},
								"west": {"uv": [44, 33], "uv_size": [1, 1]},
								"up": {"uv": [35, 26], "uv_size": [1, 1]},
								"down": {"uv": [48, 27], "uv_size": [1, -1]}
							}
						},
						{
							"origin": [20, 26, -2],
							"size": [1, 0, 2],
							"inflate": 0.6,
							"uv": {
								"north": {"uv": [37, 33], "uv_size": [1, 1]},
								"east": {"uv": [17, 33], "uv_size": [2, 1]},
								"south": {"uv": [47, 33], "uv_size": [1, 1]},
								"west": {"uv": [44, 33], "uv_size": [2, 1]},
								"up": {"uv": [37, 25], "uv_size": [1, 2]},
								"down": {"uv": [50, 27], "uv_size": [1, -2]}
							}
						}
					]
				},
				{
					"name": "wing1",
					"parent": "body",
					"pivot": [-3, 26, -8],
					"cubes": [
						{
							"origin": [-9, 24, -8],
							"size": [6, 2, 9],
							"inflate": 0.6,
							"uv": {
								"north": {"uv": [38, 21], "uv_size": [-6, 2]},
								"east": {"uv": [47, 21], "uv_size": [-9, 2]},
								"south": {"uv": [53, 21], "uv_size": [-6, 2]},
								"west": {"uv": [32, 21], "uv_size": [-9, 2]},
								"up": {"uv": [38, 12], "uv_size": [-6, 9]},
								"down": {"uv": [44, 21], "uv_size": [-6, -9]}
							}
						}
					]
				},
				{
					"name": "wingtip1",
					"parent": "wing1",
					"pivot": [-9, 24, -8],
					"cubes": [
						{
							"origin": [-22, 25, -8],
							"size": [13, 1, 0],
							"inflate": 0.6,
							"uv": {
								"north": {"uv": [38, 33], "uv_size": [-13, 1]},
								"east": {"uv": [47, 33], "uv_size": [-9, 1]},
								"south": {"uv": [60, 33], "uv_size": [-13, 1]},
								"west": {"uv": [25, 33], "uv_size": [-9, 1]},
								"up": {"uv": [38, 24], "uv_size": [-13, 9]},
								"down": {"uv": [51, 33], "uv_size": [-13, -9]}
							}
						},
						{
							"origin": [-9, 25, -8],
							"size": [0, 1, 9],
							"inflate": 0.6,
							"uv": {
								"north": {"uv": [38, 33], "uv_size": [-13, 1]},
								"east": {"uv": [47, 33], "uv_size": [-9, 1]},
								"south": {"uv": [60, 33], "uv_size": [-13, 1]},
								"west": {"uv": [25, 33], "uv_size": [-9, 1]},
								"up": {"uv": [38, 24], "uv_size": [-13, 9]},
								"down": {"uv": [51, 33], "uv_size": [-13, -9]}
							}
						},
						{
							"origin": [-22, 25, -8],
							"size": [0, 1, 9],
							"inflate": 0.6,
							"uv": {
								"north": {"uv": [38, 33], "uv_size": [-13, 1]},
								"east": {"uv": [47, 33], "uv_size": [-9, 1]},
								"south": {"uv": [60, 33], "uv_size": [-13, 1]},
								"west": {"uv": [25, 33], "uv_size": [-9, 1]},
								"up": {"uv": [38, 24], "uv_size": [-13, 9]},
								"down": {"uv": [51, 33], "uv_size": [-13, -9]}
							}
						}
					],
					"locators": {
						"right_wing": [-22, 24, 0]
					}
				},
				{
					"name": "wingtip_bottom",
					"parent": "wingtip1",
					"pivot": [0, 0, 0],
					"cubes": [
						{
							"origin": [-22, 25, -5],
							"size": [2, 0, 2],
							"inflate": 0.6,
							"uv": {
								"north": {"uv": [38, 33], "uv_size": [-2, 1]},
								"east": {"uv": [43, 33], "uv_size": [-2, 1]},
								"south": {"uv": [49, 33], "uv_size": [-2, 1]},
								"west": {"uv": [22, 33], "uv_size": [-2, 1]},
								"up": {"uv": [38, 28], "uv_size": [2, 2]},
								"down": {"uv": [51, 30], "uv_size": [-2, -2]}
							}
						},
						{
							"origin": [-22, 25, -3],
							"size": [1, 0, 1],
							"inflate": 0.6,
							"uv": {
								"north": {"uv": [38, 33], "uv_size": [-1, 1]},
								"east": {"uv": [44, 33], "uv_size": [-1, 1]},
								"south": {"uv": [48, 33], "uv_size": [-1, 1]},
								"west": {"uv": [20, 33], "uv_size": [-1, 1]},
								"up": {"uv": [38, 27], "uv_size": [1, 1]},
								"down": {"uv": [51, 28], "uv_size": [-1, -1]}
							}
						},
						{
							"origin": [-22, 25, -8],
							"size": [5, 0, 3],
							"inflate": 0.6,
							"uv": {
								"north": {"uv": [38, 33], "uv_size": [-5, 1]},
								"east": {"uv": [41, 33], "uv_size": [-3, 1]},
								"south": {"uv": [52, 33], "uv_size": [-5, 1]},
								"west": {"uv": [25, 33], "uv_size": [-3, 1]},
								"up": {"uv": [38, 30], "uv_size": [5, 3]},
								"down": {"uv": [51, 33], "uv_size": [-5, -3]}
							}
						},
						{
							"origin": [-18, 25, -5],
							"size": [1, 0, 1],
							"inflate": 0.6,
							"uv": {
								"north": {"uv": [34, 33], "uv_size": [-1, 1]},
								"east": {"uv": [42, 33], "uv_size": [-1, 1]},
								"south": {"uv": [52, 33], "uv_size": [-1, 1]},
								"west": {"uv": [22, 33], "uv_size": [-1, 1]},
								"up": {"uv": [42, 29], "uv_size": [1, 1]},
								"down": {"uv": [47, 30], "uv_size": [-1, -1]}
							}
						},
						{
							"origin": [-19, 25, -5],
							"size": [1, 0, 2],
							"inflate": 0.6,
							"uv": {
								"north": {"uv": [35, 33], "uv_size": [-1, 1]},
								"east": {"uv": [43, 33], "uv_size": [-2, 1]},
								"south": {"uv": [51, 33], "uv_size": [-1, 1]},
								"west": {"uv": [22, 33], "uv_size": [-2, 1]},
								"up": {"uv": [41, 28], "uv_size": [1, 2]},
								"down": {"uv": [48, 30], "uv_size": [-1, -2]}
							}
						},
						{
							"origin": [-17, 25, -8],
							"size": [1, 0, 2],
							"inflate": 0.6,
							"uv": {
								"north": {"uv": [33, 33], "uv_size": [-1, 1]},
								"east": {"uv": [40, 33], "uv_size": [-2, 1]},
								"south": {"uv": [53, 33], "uv_size": [-1, 1]},
								"west": {"uv": [25, 33], "uv_size": [-2, 1]},
								"up": {"uv": [43, 31], "uv_size": [1, 2]},
								"down": {"uv": [46, 33], "uv_size": [-1, -2]}
							}
						},
						{
							"origin": [-16, 25, -8],
							"size": [1, 0, 3],
							"inflate": 0.6,
							"uv": {
								"north": {"uv": [32, 33], "uv_size": [-1, 1]},
								"east": {"uv": [41, 33], "uv_size": [-3, 1]},
								"south": {"uv": [54, 33], "uv_size": [-1, 1]},
								"west": {"uv": [25, 33], "uv_size": [-3, 1]},
								"up": {"uv": [44, 30], "uv_size": [1, 3]},
								"down": {"uv": [45, 33], "uv_size": [-1, -3]}
							}
						},
						{
							"origin": [-15, 25, -8],
							"size": [6, 0, 4],
							"inflate": 0.6,
							"uv": {
								"north": {"uv": [31, 33], "uv_size": [-6, 1]},
								"east": {"uv": [42, 33], "uv_size": [-4, 1]},
								"south": {"uv": [60, 33], "uv_size": [-6, 1]},
								"west": {"uv": [25, 33], "uv_size": [-4, 1]},
								"up": {"uv": [45, 29], "uv_size": [6, 4]},
								"down": {"uv": [44, 33], "uv_size": [-6, -4]}
							}
						},
						{
							"origin": [-15, 25, -4],
							"size": [1, 0, 1],
							"inflate": 0.6,
							"uv": {
								"north": {"uv": [31, 33], "uv_size": [-1, 1]},
								"east": {"uv": [43, 33], "uv_size": [-1, 1]},
								"south": {"uv": [55, 33], "uv_size": [-1, 1]},
								"west": {"uv": [21, 33], "uv_size": [-1, 1]},
								"up": {"uv": [45, 28], "uv_size": [1, 1]},
								"down": {"uv": [44, 29], "uv_size": [-1, -1]}
							}
						},
						{
							"origin": [-13, 25, -4],
							"size": [1, 0, 1],
							"inflate": 0.6,
							"uv": {
								"north": {"uv": [29, 33], "uv_size": [-1, 1]},
								"east": {"uv": [43, 33], "uv_size": [-1, 1]},
								"south": {"uv": [57, 33], "uv_size": [-1, 1]},
								"west": {"uv": [21, 33], "uv_size": [-1, 1]},
								"up": {"uv": [47, 28], "uv_size": [1, 1]},
								"down": {"uv": [42, 29], "uv_size": [-1, -1]}
							}
						},
						{
							"origin": [-11, 25, -4],
							"size": [2, 0, 1],
							"inflate": 0.6,
							"uv": {
								"north": {"uv": [27, 33], "uv_size": [-2, 1]},
								"east": {"uv": [43, 33], "uv_size": [-1, 1]},
								"south": {"uv": [60, 33], "uv_size": [-2, 1]},
								"west": {"uv": [21, 33], "uv_size": [-1, 1]},
								"up": {"uv": [49, 28], "uv_size": [2, 1]},
								"down": {"uv": [40, 29], "uv_size": [-2, -1]}
							}
						},
						{
							"origin": [-10, 25, -3],
							"size": [1, 0, 2],
							"inflate": 0.6,
							"uv": {
								"north": {"uv": [26, 33], "uv_size": [-1, 1]},
								"east": {"uv": [45, 33], "uv_size": [-2, 1]},
								"south": {"uv": [60, 33], "uv_size": [-1, 1]},
								"west": {"uv": [20, 33], "uv_size": [-2, 1]},
								"up": {"uv": [50, 26], "uv_size": [1, 2]},
								"down": {"uv": [39, 28], "uv_size": [-1, -2]}
							}
						}
					]
				},
				{
					"name": "wingtip_top",
					"parent": "wingtip1",
					"pivot": [0, 0, 0],
					"cubes": [
						{
							"origin": [-10, 26, -1],
							"size": [1, 0, 1],
							"inflate": 0.6,
							"uv": {
								"north": {"uv": [26, 33], "uv_size": [-1, 1]},
								"east": {"uv": [46, 33], "uv_size": [-1, 1]},
								"south": {"uv": [60, 33], "uv_size": [-1, 1]},
								"west": {"uv": [18, 33], "uv_size": [-1, 1]},
								"up": {"uv": [26, 25], "uv_size": [-1, 1]},
								"down": {"uv": [37, 26], "uv_size": [1, -1]}
							}
						},
						{
							"origin": [-11, 26, -2],
							"size": [2, 0, 1],
							"inflate": 0.6,
							"uv": {
								"north": {"uv": [27, 33], "uv_size": [-2, 1]},
								"east": {"uv": [45, 33], "uv_size": [-1, 1]},
								"south": {"uv": [60, 33], "uv_size": [-2, 1]},
								"west": {"uv": [19, 33], "uv_size": [-1, 1]},
								"up": {"uv": [27, 26], "uv_size": [-2, 1]},
								"down": {"uv": [36, 27], "uv_size": [2, -1]}
							}
						},
						{
							"origin": [-13, 26, -5],
							"size": [4, 0, 3],
							"inflate": 0.6,
							"uv": {
								"north": {"uv": [29, 33], "uv_size": [-4, 1]},
								"east": {"uv": [44, 33], "uv_size": [-3, 1]},
								"south": {"uv": [60, 33], "uv_size": [-4, 1]},
								"west": {"uv": [22, 33], "uv_size": [-3, 1]},
								"up": {"uv": [29, 27], "uv_size": [-4, 3]},
								"down": {"uv": [34, 30], "uv_size": [4, -3]}
							}
						},
						{
							"origin": [-22, 26, -8],
							"size": [13, 0, 3],
							"inflate": 0.6,
							"uv": {
								"north": {"uv": [38, 33], "uv_size": [-13, 1]},
								"east": {"uv": [41, 33], "uv_size": [-3, 1]},
								"south": {"uv": [60, 33], "uv_size": [-13, 1]},
								"west": {"uv": [25, 33], "uv_size": [-3, 1]},
								"up": {"uv": [38, 30], "uv_size": [-13, 3]},
								"down": {"uv": [25, 33], "uv_size": [13, -3]}
							}
						},
						{
							"origin": [-22, 26, -5],
							"size": [4, 0, 3],
							"inflate": 0.6,
							"uv": {
								"north": {"uv": [38, 33], "uv_size": [-4, 1]},
								"east": {"uv": [44, 33], "uv_size": [-3, 1]},
								"south": {"uv": [51, 33], "uv_size": [-4, 1]},
								"west": {"uv": [22, 33], "uv_size": [-3, 1]},
								"up": {"uv": [38, 27], "uv_size": [-4, 3]},
								"down": {"uv": [25, 30], "uv_size": [4, -3]}
							}
						},
						{
							"origin": [-22, 26, -2],
							"size": [1, 0, 2],
							"inflate": 0.6,
							"uv": {
								"north": {"uv": [38, 33], "uv_size": [-1, 1]},
								"east": {"uv": [46, 33], "uv_size": [-2, 1]},
								"south": {"uv": [48, 33], "uv_size": [-1, 1]},
								"west": {"uv": [19, 33], "uv_size": [-2, 1]},
								"up": {"uv": [38, 25], "uv_size": [-1, 2]},
								"down": {"uv": [25, 27], "uv_size": [1, -2]}
							}
						},
						{
							"origin": [-20, 26, -2],
							"size": [1, 0, 1],
							"inflate": 0.6,
							"uv": {
								"north": {"uv": [36, 33], "uv_size": [-1, 1]},
								"east": {"uv": [45, 33], "uv_size": [-1, 1]},
								"south": {"uv": [50, 33], "uv_size": [-1, 1]},
								"west": {"uv": [19, 33], "uv_size": [-1, 1]},
								"up": {"uv": [36, 26], "uv_size": [-1, 1]},
								"down": {"uv": [27, 27], "uv_size": [1, -1]}
							}
						},
						{
							"origin": [-17, 26, -3],
							"size": [1, 0, 1],
							"inflate": 0.6,
							"uv": {
								"north": {"uv": [33, 33], "uv_size": [-1, 1]},
								"east": {"uv": [44, 33], "uv_size": [-1, 1]},
								"south": {"uv": [53, 33], "uv_size": [-1, 1]},
								"west": {"uv": [20, 33], "uv_size": [-1, 1]},
								"up": {"uv": [33, 27], "uv_size": [-1, 1]},
								"down": {"uv": [30, 28], "uv_size": [1, -1]}
							}
						},
						{
							"origin": [-18, 26, -5],
							"size": [2, 0, 2],
							"inflate": 0.6,
							"uv": {
								"north": {"uv": [34, 33], "uv_size": [-2, 1]},
								"east": {"uv": [43, 33], "uv_size": [-2, 1]},
								"south": {"uv": [53, 33], "uv_size": [-2, 1]},
								"west": {"uv": [22, 33], "uv_size": [-2, 1]},
								"up": {"uv": [34, 28], "uv_size": [-2, 2]},
								"down": {"uv": [29, 30], "uv_size": [2, -2]}
							}
						},
						{
							"origin": [-15, 26, -5],
							"size": [2, 0, 2],
							"inflate": 0.6,
							"uv": {
								"north": {"uv": [31, 33], "uv_size": [-2, 1]},
								"east": {"uv": [43, 33], "uv_size": [-2, 1]},
								"south": {"uv": [56, 33], "uv_size": [-2, 1]},
								"west": {"uv": [22, 33], "uv_size": [-2, 1]},
								"up": {"uv": [31, 28], "uv_size": [-2, 2]},
								"down": {"uv": [32, 30], "uv_size": [2, -2]}
							}
						},
						{
							"origin": [-15, 26, -3],
							"size": [1, 0, 2],
							"inflate": 0.6,
							"uv": {
								"north": {"uv": [31, 33], "uv_size": [-1, 1]},
								"east": {"uv": [45, 33], "uv_size": [-2, 1]},
								"south": {"uv": [55, 33], "uv_size": [-1, 1]},
								"west": {"uv": [20, 33], "uv_size": [-2, 1]},
								"up": {"uv": [31, 26], "uv_size": [-1, 2]},
								"down": {"uv": [32, 28], "uv_size": [1, -2]}
							}
						},
						{
							"origin": [-13, 26, -2],
							"size": [1, 0, 1],
							"inflate": 0.6,
							"uv": {
								"north": {"uv": [29, 33], "uv_size": [-1, 1]},
								"east": {"uv": [45, 33], "uv_size": [-1, 1]},
								"south": {"uv": [57, 33], "uv_size": [-1, 1]},
								"west": {"uv": [19, 33], "uv_size": [-1, 1]},
								"up": {"uv": [29, 26], "uv_size": [-1, 1]},
								"down": {"uv": [34, 27], "uv_size": [1, -1]}
							}
						}
					]
				},
				{
					"name": "head",
					"parent": "body",
					"pivot": [0, 23, -7],
					"cubes": [
						{
							"origin": [-4, 22, -12],
							"size": [7, 3, 5],
							"inflate": 0.6,
							"uv": {
								"north": {"uv": [5, 5], "uv_size": [7, 3]},
								"east": {"uv": [0, 5], "uv_size": [5, 3]},
								"south": {"uv": [17, 5], "uv_size": [7, 3]},
								"west": {"uv": [12, 5], "uv_size": [5, 3]},
								"up": {"uv": [5, 0], "uv_size": [7, 5]},
								"down": {"uv": [12, 5], "uv_size": [7, -5]}
							}
						}
					]
				},
				{
					"name": "tail",
					"parent": "body",
					"pivot": [0, 26, 1],
					"cubes": [
						{
							"origin": [-2, 24, 1],
							"size": [3, 2, 6],
							"inflate": 0.6,
							"uv": {
								"north": {"uv": [9, 26], "uv_size": [3, 2]},
								"east": {"uv": [3, 26], "uv_size": [6, 2]},
								"south": {"uv": [18, 26], "uv_size": [3, 2]},
								"west": {"uv": [12, 26], "uv_size": [6, 2]},
								"up": {"uv": [9, 20], "uv_size": [3, 6]},
								"down": {"uv": [12, 26], "uv_size": [3, -6]}
							}
						}
					]
				},
				{
					"name": "tailtip",
					"parent": "tail",
					"pivot": [0, 25.5, 7],
					"cubes": [
						{
							"origin": [-1, 24.5, 7],
							"size": [1, 1, 6],
							"inflate": 0.6,
							"uv": {
								"north": {"uv": [10, 35], "uv_size": [1, 1]},
								"east": {"uv": [4, 35], "uv_size": [6, 1]},
								"south": {"uv": [17, 35], "uv_size": [1, 1]},
								"west": {"uv": [11, 35], "uv_size": [6, 1]},
								"up": {"uv": [10, 29], "uv_size": [1, 6]},
								"down": {"uv": [11, 35], "uv_size": [1, -6]}
							}
						}
					]
				}
			]
		}
	]
}