{
	"format_version": "1.12.0",
	"minecraft:geometry": [
		{
			"description": {
				"identifier": "geometry.piglin_brute_glow",
				"texture_width": 64,
				"texture_height": 64,
				"visible_bounds_width": 3,
				"visible_bounds_height": 3,
				"visible_bounds_offset": [0, 1.5, 0]
			},
			"bones": [
				{
					"name": "body",
					"pivot": [0, 24, 0],
					"cubes": [
						{"origin": [-4, 12, -2], "size": [8, 12, 4], "inflate": 0.6, "uv": [16, 16]},
						{
							"origin": [-4, 12, -2],
							"size": [8, 7.75, 4],
							"inflate": 0.85,
							"uv": {
								"north": {"uv": [20, 40], "uv_size": [8, 8]},
								"east": {"uv": [16, 40], "uv_size": [4, 8]},
								"south": {"uv": [32, 40], "uv_size": [8, 8]},
								"west": {"uv": [28, 40], "uv_size": [4, 8]},
								"up": {"uv": [20, 32], "uv_size": [8, 4]},
								"down": {"uv": [28, 36], "uv_size": [8, -4]}
							}
						}
					]
				},
				{
					"name": "head",
					"parent": "body",
					"pivot": [0, 24, 0],
					"cubes": [
						{"origin": [-5, 24, -4], "size": [10, 8, 8], "inflate": 0.58, "uv": [0, 0]},
						{"origin": [-2, 24, -5], "size": [4, 4, 1], "inflate": 0.6, "uv": [31, 1]},
						{"origin": [2, 24, -5], "size": [1, 2, 1], "inflate": 0.6, "uv": [2, 4]},
						{"origin": [-3, 24, -5], "size": [1, 2, 1], "inflate": 0.6, "uv": [2, 0]}
					]
				},
				{
					"name": "leftear",
					"parent": "head",
					"pivot": [5, 30, 0],
					"rotation": [0, 0, -30],
					"cubes": [
						{"origin": [4, 25, -2], "size": [1, 5, 4], "inflate": 0.6, "uv": [51, 6]}
					]
				},
				{
					"name": "rightear",
					"parent": "head",
					"pivot": [-5, 30, 0],
					"rotation": [0, 0, 30],
					"cubes": [
						{"origin": [-5, 25, -2], "size": [1, 5, 4], "inflate": 0.6, "uv": [39, 6]}
					]
				},
				{
					"name": "hat",
					"parent": "head",
					"pivot": [0, 24, 0]
				},
				{
					"name": "rightarm",
					"parent": "body",
					"pivot": [-5, 22, 0],
					"cubes": [
						{"origin": [-8, 12, -2], "size": [4, 12, 4], "inflate": 0.6, "uv": [40, 16]}
					]
				},
				{
					"name": "rightItem",
					"parent": "rightarm",
					"pivot": [-6, 15, 1]
				},
				{
					"name": "leftarm",
					"parent": "body",
					"pivot": [5, 22, 0],
					"cubes": [
						{"origin": [4, 12, -2], "size": [4, 12, 4], "inflate": 0.6, "uv": [32, 48]}
					]
				},
				{
					"name": "rightleg",
					"parent": "body",
					"pivot": [-1.9, 12, 0],
					"cubes": [
						{"origin": [-4, 0, -2], "size": [4, 12, 4], "inflate": 0.6, "uv": [0, 16]},
						{
							"origin": [-4, 7.25, -2],
							"size": [4, 4.75, 4],
							"inflate": 0.85,
							"uv": {
								"north": {"uv": [4, 36], "uv_size": [4, 5]},
								"east": {"uv": [0, 36], "uv_size": [4, 5]},
								"south": {"uv": [12, 36], "uv_size": [4, 5]},
								"west": {"uv": [8, 36], "uv_size": [4, 5]},
								"up": {"uv": [4, 32], "uv_size": [4, 4]},
								"down": {"uv": [8, 36], "uv_size": [4, -4]}
							}
						}
					]
				},
				{
					"name": "leftleg",
					"parent": "body",
					"pivot": [1.9, 12, 0],
					"cubes": [
						{"origin": [0, 0, -2], "size": [4, 12, 4], "inflate": 0.6, "uv": [16, 48]},
						{
							"origin": [0, 7.25, -2],
							"size": [4, 4.75, 4],
							"inflate": 0.85,
							"uv": {
								"north": {"uv": [4, 52], "uv_size": [4, 5]},
								"east": {"uv": [0, 52], "uv_size": [4, 5]},
								"south": {"uv": [12, 52], "uv_size": [4, 5]},
								"west": {"uv": [8, 52], "uv_size": [4, 5]},
								"up": {"uv": [4, 48], "uv_size": [4, 4]},
								"down": {"uv": [8, 52], "uv_size": [4, -4]}
							}
						}
					]
				}
			]
		}
	]
}