{
  "format_version": "1.8.0",
  "geometry.polarbear": {
    "visible_bounds_width": 3,
    "visible_bounds_height": 2,
    "visible_bounds_offset": [ 0, 0.5, 0 ],
    "texturewidth": 128,
    "textureheight": 64,
    "bones": [
      {
        "name": "head",
        "parent": "body",
        "pivot": [ 0.0, 14.0, -16.0 ],
        "locators": { "lead": [ 0.0, 14.0, -16.0 ] },
        "mirror": true,
        "cubes": [
          {
            "mirror": false,
            "origin": [ -3.5, 10.0, -19.0 ],
            "size": [ 7.0, 7.0, 7.0 ],
            "uv": [ 0, 0 ]
          },
          {
            "mirror": false,
            "origin": [ -2.5, 10.0, -22.0 ],
            "size": [ 5.0, 3.0, 3.0 ],
            "uv": [ 0, 44 ]
          },
          {
            "mirror": false,
            "origin": [ -4.5, 16.0, -17.0 ],
            "size": [ 2.0, 2.0, 1.0 ],
            "uv": [ 26, 0 ]
          },
          {
            "origin": [ 2.5, 16.0, -17.0 ],
            "size": [ 2.0, 2.0, 1.0 ],
            "uv": [ 26, 0 ]
          }
        ]
      },
      {
        "name": "body",
        "pivot": [ -2.0, 15.0, 12.0 ],
        "bind_pose_rotation": [ 90.0, 0.0, 0.0 ],
        "cubes": [
          {
            "origin": [ -7.0, 14.0, 5.0 ],
            "size": [ 14.0, 14.0, 11.0 ],
            "uv": [ 0, 19 ]
          },
          {
            "origin": [ -6.0, 28.0, 5.0 ],
            "size": [ 12.0, 12.0, 10.0 ],
            "uv": [ 39, 0 ]
          }
        ]
      },
      {
        "name": "leg0",
        "parent": "body",
        "pivot": [ -4.5, 10.0, 6.0 ],
        "cubes": [
          {
            "origin": [ -6.5, 0.0, 4.0 ],
            "size": [ 4.0, 10.0, 8.0 ],
            "uv": [ 50, 22 ]
          }
        ]
      },
      {
        "name": "leg1",
        "parent": "body",
        "pivot": [ 4.5, 10.0, 6.0 ],
        "cubes": [
          {
            "origin": [ 2.5, 0.0, 4.0 ],
            "size": [ 4.0, 10.0, 8.0 ],
            "uv": [ 50, 22 ]
          }
        ]
      },
      {
        "name": "leg2",
        "parent": "body",
        "pivot": [ -3.5, 10.0, -8.0 ],
        "cubes": [
          {
            "origin": [ -5.5, 0.0, -10.0 ],
            "size": [ 4.0, 10.0, 6.0 ],
            "uv": [ 50, 40 ]
          }
        ]
      },
      {
        "name": "leg3",
        "parent": "body",
        "pivot": [ 3.5, 10.0, -8.0 ],
        "cubes": [
          {
            "origin": [ 1.5, 0.0, -10.0 ],
            "size": [ 4.0, 10.0, 6.0 ],
            "uv": [ 50, 40 ]
          }
        ]
      }
    ]
  }
}