{
	"format_version": "1.21.0",
  "minecraft:geometry": [
		{
			"description": {
				"identifier": "geometry.sheep.v1.8",
        "texture_width": 64,
        "texture_height": 64,
        "visible_bounds_width": 2,
        "visible_bounds_height": 1.75,
        "visible_bounds_offset": [0, 0.5, 0]
      },
      "bones": [
        {
          "name": "head",
          "pivot": [0, 18, -8],
          "cubes": [
            {"origin": [-3, 16, -12], "size": [6, 6, 6], "uv": [0, 32], "inflate": 0.6}
          ]
        },
        {
          "name": "body",
          "pivot": [0, 19, 2],
          "bind_pose_rotation": [90, 0, 0],
          "cubes": [
            {"origin": [-4, 13, -5], "size": [8, 16, 6], "uv": [28, 40], "inflate": 1.75}
          ]
        },
        {
          "name": "leg0",
          "parent": "body",
          "pivot": [-3, 12, 7],
          "cubes": [
            {"origin": [-5, 6, 5], "size": [4, 6, 4], "uv": [0, 48], "inflate": 0.5}
          ]
        },
        {
          "name": "leg1",
          "parent": "body",
          "pivot": [3, 12, 7],
          "cubes": [
            {"origin": [1, 6, 5], "size": [4, 6, 4], "uv": [0, 48], "inflate": 0.5}
          ]
        },
        {
          "name": "leg2",
          "parent": "body",
          "pivot": [-3, 12, -5],
          "cubes": [
            {"origin": [-5, 6, -7], "size": [4, 6, 4], "uv": [0, 48], "inflate": 0.5}
          ]
        },
        {
          "name": "leg3",
          "parent": "body",
          "pivot": [3, 12, -5],
          "cubes": [
            {"origin": [1, 6, -7], "size": [4, 6, 4], "uv": [0, 48], "inflate": 0.5}
          ]
        }
      ]
    },
    {
      "description": {
        "identifier": "geometry.sheep.sheared.v1.8",
        "texture_width": 64,
        "texture_height": 64,
        "visible_bounds_width": 3,
        "visible_bounds_height": 3.375,
        "visible_bounds_offset": [0, 1.3125, 0]
      },
      "bones": [
        {
          "name": "body",
          "pivot": [0, 19, 2],
          "cubes": [
            {"origin": [-4, 13, -5], "size": [8, 16, 6], "uv": [28, 8]}
          ]
        },
        {
          "name": "leg0",
          "parent": "body",
          "pivot": [-3, 12, 7],
          "cubes": [
            {"origin": [-5, 0, 5], "size": [4, 12, 4], "uv": [0, 16]}
          ]
        },
        {
          "name": "leg1",
          "parent": "body",
          "pivot": [3, 12, 7],
          "cubes": [
            {"origin": [1, 0, 5], "size": [4, 12, 4], "uv": [0, 16]}
          ]
        },
        {
          "name": "leg2",
          "parent": "body",
          "pivot": [-3, 12, -5],
          "cubes": [
            {"origin": [-5, 0, -7], "size": [4, 12, 4], "uv": [0, 16]}
          ]
        },
        {
          "name": "leg3",
          "parent": "body",
          "pivot": [3, 12, -5],
          "cubes": [
            {"origin": [1, 0, -7], "size": [4, 12, 4], "uv": [0, 16]}
          ]
        },
        {
          "name": "head",
          "pivot": [0, 18, -8],
          "cubes": [
            {"origin": [-3, 16, -14], "size": [6, 6, 8], "uv": [0, 0]}
          ],
          "locators": {
            "lead": [0, 18, -8]
				  }
			  }
      ]
    }
  ]
}
