{
	"format_version": "1.10.0",
	"geometry.spider_glow": {
		"texturewidth": 64,
		"textureheight": 32,
		"visible_bounds_width": 4,
		"visible_bounds_height": 2,
		"visible_bounds_offset": [0, 1, 0],
		"bones": [
			{
				"name": "body0",
				"pivot": [0, 9, 0],
				"cubes": [
					{"origin": [-3, 6, -3], "size": [6, 6, 6], "uv": [0, 0], "inflate": 0.6}
				]
			},
			{
				"name": "head",
				"parent": "body0",
				"pivot": [0, 9, -3],
				"cubes": [
					{"origin": [-4, 5, -11], "size": [8, 8, 8], "uv": [32, 4], "inflate": 0.6}
				]
			},
			{
				"name": "body1",
				"parent": "body0",
				"pivot": [0, 9, 9],
				"cubes": [
					{"origin": [-5, 5, 3], "size": [10, 8, 12], "uv": [0, 12], "inflate": 0.6}
				]
			},
			{
				"name": "leg0",
				"parent": "body0",
				"pivot": [-4, 9, 2],
				"cubes": [
					{"origin": [-19, 8, 1], "size": [16, 2, 2], "uv": [18, 0], "inflate": 0.6}
				]
			},
			{
				"name": "leg1",
				"parent": "body0",
				"pivot": [4, 9, 2],
				"cubes": [
					{"origin": [3, 8, 1], "size": [16, 2, 2], "uv": [18, 0], "inflate": 0.6, "mirror": true}
				]
			},
			{
				"name": "leg2",
				"parent": "body0",
				"pivot": [-4, 9, 1],
				"cubes": [
					{"origin": [-19, 8, 0], "size": [16, 2, 2], "uv": [18, 0], "inflate": 0.6}
				]
			},
			{
				"name": "leg3",
				"parent": "body0",
				"pivot": [4, 9, 1],
				"cubes": [
					{"origin": [3, 8, 0], "size": [16, 2, 2], "uv": [18, 0], "inflate": 0.6, "mirror": true}
				]
			},
			{
				"name": "leg4",
				"parent": "body0",
				"pivot": [-4, 9, 0],
				"cubes": [
					{"origin": [-19, 8, -1], "size": [16, 2, 2], "uv": [18, 0], "inflate": 0.6}
				]
			},
			{
				"name": "leg5",
				"parent": "body0",
				"pivot": [4, 9, 0],
				"cubes": [
					{"origin": [3, 8, -1], "size": [16, 2, 2], "uv": [18, 0], "inflate": 0.6, "mirror": true}
				]
			},
			{
				"name": "leg6",
				"parent": "body0",
				"pivot": [-4, 9, -1],
				"cubes": [
					{"origin": [-19, 8, -2], "size": [16, 2, 2], "uv": [18, 0], "inflate": 0.6}
				]
			},
			{
				"name": "leg7",
				"parent": "body0",
				"pivot": [4, 9, -1],
				"cubes": [
					{"origin": [3, 8, -2], "size": [16, 2, 2], "uv": [18, 0], "inflate": 0.6, "mirror": true}
				]
			}
		]
	}
}