{
	"format_version": "1.12.0",
	"minecraft:geometry": [
		{
			"description": {
				"identifier": "geometry.stray_glow.armor",
				"texture_width": 64,
				"texture_height": 32,
				"visible_bounds_width": 4,
				"visible_bounds_height": 5,
				"visible_bounds_offset": [0, 1.5, 0]
			},
			"bones": [
				{
					"name": "waist",
					"pivot": [0, 12, 0]
				},
				{
					"name": "body",
					"parent": "waist",
					"pivot": [0, 24, 0]
				},
				{
					"name": "body_top",
					"parent": "body",
					"pivot": [0, 0, 0],
					"cubes": [
						{
							"origin": [-2, 24, -2],
							"size": [1, 0, 4],
							"inflate": 0.8,
							"uv": {
								"north": {"uv": [22, 20], "uv_size": [1, 12]},
								"east": {"uv": [16, 20], "uv_size": [4, 12]},
								"south": {"uv": [37, 20], "uv_size": [1, 12]},
								"west": {"uv": [28, 20], "uv_size": [4, 12]},
								"up": {"uv": [22, 16], "uv_size": [1, 4]},
								"down": {"uv": [30, 20], "uv_size": [1, -4]}
							}
						},
						{
							"origin": [1, 24, -2],
							"size": [1, 0, 4],
							"inflate": 0.8,
							"uv": {
								"north": {"uv": [25, 20], "uv_size": [1, 12]},
								"east": {"uv": [16, 20], "uv_size": [4, 12]},
								"south": {"uv": [34, 20], "uv_size": [1, 12]},
								"west": {"uv": [28, 20], "uv_size": [4, 12]},
								"up": {"uv": [25, 16], "uv_size": [1, 4]},
								"down": {"uv": [33, 20], "uv_size": [1, -4]}
							}
						}
					]
				},
				{
					"name": "body_back",
					"parent": "body",
					"pivot": [0, 0, 0],
					"cubes": [
						{
							"origin": [-2, 23, 2],
							"size": [4, 1, 0],
							"inflate": 0.8,
							"uv": {
								"north": {"uv": [22, 20], "uv_size": [4, 1]},
								"east": {"uv": [16, 20], "uv_size": [4, 1]},
								"south": {"uv": [34, 20], "uv_size": [4, 1]},
								"west": {"uv": [28, 20], "uv_size": [4, 1]},
								"up": {"uv": [22, 16], "uv_size": [4, 4]},
								"down": {"uv": [30, 20], "uv_size": [4, -4]}
							}
						},
						{
							"origin": [-2, 17, 2],
							"size": [4, 5, 0],
							"inflate": 0.8,
							"uv": {
								"north": {"uv": [22, 22], "uv_size": [4, 5]},
								"east": {"uv": [16, 22], "uv_size": [4, 5]},
								"south": {"uv": [34, 22], "uv_size": [4, 5]},
								"west": {"uv": [28, 22], "uv_size": [4, 5]},
								"up": {"uv": [22, 16], "uv_size": [4, 4]},
								"down": {"uv": [30, 20], "uv_size": [4, -4]}
							}
						},
						{
							"origin": [0, 12, 2],
							"size": [1, 5, 0],
							"inflate": 0.8,
							"uv": {
								"north": {"uv": [24, 27], "uv_size": [1, 5]},
								"east": {"uv": [16, 27], "uv_size": [4, 5]},
								"south": {"uv": [35, 27], "uv_size": [1, 5]},
								"west": {"uv": [28, 27], "uv_size": [4, 5]},
								"up": {"uv": [24, 16], "uv_size": [1, 4]},
								"down": {"uv": [32, 20], "uv_size": [1, -4]}
							}
						},
						{
							"origin": [1, 15, 2],
							"size": [1, 2, 0],
							"inflate": 0.8,
							"uv": {
								"north": {"uv": [25, 27], "uv_size": [1, 2]},
								"east": {"uv": [16, 27], "uv_size": [4, 2]},
								"south": {"uv": [34, 27], "uv_size": [1, 2]},
								"west": {"uv": [28, 27], "uv_size": [4, 2]},
								"up": {"uv": [25, 16], "uv_size": [1, 4]},
								"down": {"uv": [33, 20], "uv_size": [1, -4]}
							}
						},
						{
							"origin": [3, 16, 2],
							"size": [1, 8, 0],
							"inflate": 0.8,
							"uv": {
								"north": {"uv": [27, 20], "uv_size": [1, 8]},
								"east": {"uv": [16, 20], "uv_size": [4, 8]},
								"south": {"uv": [32, 20], "uv_size": [1, 8]},
								"west": {"uv": [28, 20], "uv_size": [4, 8]},
								"up": {"uv": [27, 16], "uv_size": [1, 4]},
								"down": {"uv": [35, 20], "uv_size": [1, -4]}
							}
						},
						{
							"origin": [2, 13, 2],
							"size": [1, 10, 0],
							"inflate": 0.8,
							"uv": {
								"north": {"uv": [26, 21], "uv_size": [1, 10]},
								"east": {"uv": [16, 21], "uv_size": [4, 10]},
								"south": {"uv": [33, 21], "uv_size": [1, 10]},
								"west": {"uv": [28, 21], "uv_size": [4, 10]},
								"up": {"uv": [26, 16], "uv_size": [1, 4]},
								"down": {"uv": [34, 20], "uv_size": [1, -4]}
							}
						},
						{
							"origin": [-3, 15, 2],
							"size": [1, 8, 0],
							"inflate": 0.8,
							"uv": {
								"north": {"uv": [21, 21], "uv_size": [1, 8]},
								"east": {"uv": [16, 21], "uv_size": [4, 8]},
								"south": {"uv": [38, 21], "uv_size": [1, 8]},
								"west": {"uv": [28, 21], "uv_size": [4, 8]},
								"up": {"uv": [21, 16], "uv_size": [1, 4]},
								"down": {"uv": [29, 20], "uv_size": [1, -4]}
							}
						},
						{
							"origin": [-4, 16, 2],
							"size": [1, 8, 0],
							"inflate": 0.8,
							"uv": {
								"north": {"uv": [20, 20], "uv_size": [1, 8]},
								"east": {"uv": [16, 20], "uv_size": [4, 8]},
								"south": {"uv": [39, 20], "uv_size": [1, 8]},
								"west": {"uv": [28, 20], "uv_size": [4, 8]},
								"up": {"uv": [20, 16], "uv_size": [1, 4]},
								"down": {"uv": [28, 20], "uv_size": [1, -4]}
							}
						},
						{
							"origin": [-2, 12, 2],
							"size": [1, 5, 0],
							"inflate": 0.8,
							"uv": {
								"north": {"uv": [22, 27], "uv_size": [1, 5]},
								"east": {"uv": [16, 27], "uv_size": [4, 5]},
								"south": {"uv": [37, 27], "uv_size": [1, 5]},
								"west": {"uv": [28, 27], "uv_size": [4, 5]},
								"up": {"uv": [22, 16], "uv_size": [1, 4]},
								"down": {"uv": [30, 20], "uv_size": [1, -4]}
							}
						}
					]
				},
				{
					"name": "body_left",
					"parent": "body",
					"pivot": [0, 0, 0],
					"cubes": [
						{
							"origin": [4, 13, -1],
							"size": [0, 11, 2],
							"inflate": 0.8,
							"uv": {
								"north": {"uv": [20, 20], "uv_size": [8, 11]},
								"east": {"uv": [31, 20], "uv_size": [-2, 11]},
								"south": {"uv": [32, 20], "uv_size": [8, 11]},
								"west": {"uv": [29, 20], "uv_size": [2, 11]},
								"up": {"uv": [20, 17], "uv_size": [8, 2]},
								"down": {"uv": [28, 19], "uv_size": [8, -2]}
							}
						},
						{
							"origin": [4, 15, 1],
							"size": [0, 9, 1],
							"inflate": 0.8,
							"uv": {
								"north": {"uv": [20, 20], "uv_size": [8, 9]},
								"east": {"uv": [32, 20], "uv_size": [-1, 9]},
								"south": {"uv": [32, 20], "uv_size": [8, 9]},
								"west": {"uv": [31, 20], "uv_size": [1, 9]},
								"up": {"uv": [20, 16], "uv_size": [8, 1]},
								"down": {"uv": [28, 17], "uv_size": [8, -1]}
							}
						},
						{
							"origin": [4, 14, -2],
							"size": [0, 10, 1],
							"inflate": 0.8,
							"uv": {
								"north": {"uv": [20, 20], "uv_size": [8, 10]},
								"east": {"uv": [29, 20], "uv_size": [-1, 10]},
								"south": {"uv": [32, 20], "uv_size": [8, 10]},
								"west": {"uv": [28, 20], "uv_size": [1, 10]},
								"up": {"uv": [20, 19], "uv_size": [8, 1]},
								"down": {"uv": [28, 20], "uv_size": [8, -1]}
							}
						}
					]
				},
				{
					"name": "body_right",
					"parent": "body",
					"pivot": [0, 0, 0],
					"cubes": [
						{
							"origin": [-4, 17, -2],
							"size": [0, 7, 4],
							"inflate": 0.8,
							"uv": {
								"north": {"uv": [20, 20], "uv_size": [8, 7]},
								"east": {"uv": [16, 20], "uv_size": [4, 7]},
								"south": {"uv": [32, 20], "uv_size": [8, 7]},
								"west": {"uv": [20, 20], "uv_size": [-4, 7]},
								"up": {"uv": [20, 16], "uv_size": [8, 4]},
								"down": {"uv": [28, 20], "uv_size": [8, -4]}
							}
						},
						{
							"origin": [-4, 14, -2],
							"size": [0, 3, 2],
							"inflate": 0.8,
							"uv": {
								"north": {"uv": [20, 27], "uv_size": [8, 3]},
								"east": {"uv": [18, 27], "uv_size": [2, 3]},
								"south": {"uv": [32, 27], "uv_size": [8, 3]},
								"west": {"uv": [20, 27], "uv_size": [-2, 3]},
								"up": {"uv": [20, 18], "uv_size": [8, 2]},
								"down": {"uv": [28, 20], "uv_size": [8, -2]}
							}
						},
						{
							"origin": [-4, 14, 1],
							"size": [0, 3, 1],
							"inflate": 0.8,
							"uv": {
								"north": {"uv": [20, 27], "uv_size": [8, 3]},
								"east": {"uv": [16, 27], "uv_size": [1, 3]},
								"south": {"uv": [32, 27], "uv_size": [8, 3]},
								"west": {"uv": [17, 27], "uv_size": [-1, 3]},
								"up": {"uv": [20, 16], "uv_size": [8, 1]},
								"down": {"uv": [28, 17], "uv_size": [8, -1]}
							}
						},
						{
							"origin": [-4, 13, -1],
							"size": [0, 1, 1],
							"inflate": 0.8,
							"uv": {
								"north": {"uv": [20, 30], "uv_size": [8, 1]},
								"east": {"uv": [18, 30], "uv_size": [1, 1]},
								"south": {"uv": [32, 30], "uv_size": [8, 1]},
								"west": {"uv": [19, 30], "uv_size": [-1, 1]},
								"up": {"uv": [20, 18], "uv_size": [8, 1]},
								"down": {"uv": [28, 19], "uv_size": [8, -1]}
							}
						}
					]
				},
				{
					"name": "body_front",
					"parent": "body",
					"pivot": [0, 0, 0],
					"cubes": [
						{
							"origin": [-4, 17, -2],
							"size": [8, 5, 0],
							"inflate": 0.8,
							"uv": {
								"north": {"uv": [20, 22], "uv_size": [8, 5]},
								"east": {"uv": [16, 22], "uv_size": [4, 5]},
								"south": {"uv": [28, 22], "uv_size": [-8, 5]},
								"west": {"uv": [28, 22], "uv_size": [4, 5]},
								"up": {"uv": [20, 16], "uv_size": [8, 4]},
								"down": {"uv": [28, 20], "uv_size": [8, -4]}
							}
						},
						{
							"origin": [1, 22, -2],
							"size": [3, 1, 0],
							"inflate": 0.8,
							"uv": {
								"north": {"uv": [25, 21], "uv_size": [3, 1]},
								"east": {"uv": [16, 21], "uv_size": [4, 1]},
								"south": {"uv": [28, 21], "uv_size": [-3, 1]},
								"west": {"uv": [28, 21], "uv_size": [4, 1]},
								"up": {"uv": [25, 16], "uv_size": [3, 4]},
								"down": {"uv": [33, 20], "uv_size": [3, -4]}
							}
						},
						{
							"origin": [3, 23, -2],
							"size": [1, 1, 0],
							"inflate": 0.8,
							"uv": {
								"north": {"uv": [27, 20], "uv_size": [1, 1]},
								"east": {"uv": [16, 20], "uv_size": [4, 1]},
								"south": {"uv": [28, 20], "uv_size": [-1, 1]},
								"west": {"uv": [28, 20], "uv_size": [4, 1]},
								"up": {"uv": [27, 16], "uv_size": [1, 4]},
								"down": {"uv": [35, 20], "uv_size": [1, -4]}
							}
						},
						{
							"origin": [1, 23, -2],
							"size": [1, 1, 0],
							"inflate": 0.8,
							"uv": {
								"north": {"uv": [25, 20], "uv_size": [1, 1]},
								"east": {"uv": [16, 20], "uv_size": [4, 1]},
								"south": {"uv": [26, 20], "uv_size": [-1, 1]},
								"west": {"uv": [28, 20], "uv_size": [4, 1]},
								"up": {"uv": [25, 16], "uv_size": [1, 4]},
								"down": {"uv": [33, 20], "uv_size": [1, -4]}
							}
						},
						{
							"origin": [-2, 23, -2],
							"size": [1, 1, 0],
							"inflate": 0.8,
							"uv": {
								"north": {"uv": [22, 20], "uv_size": [1, 1]},
								"east": {"uv": [16, 20], "uv_size": [4, 1]},
								"south": {"uv": [23, 20], "uv_size": [-1, 1]},
								"west": {"uv": [28, 20], "uv_size": [4, 1]},
								"up": {"uv": [22, 16], "uv_size": [1, 4]},
								"down": {"uv": [30, 20], "uv_size": [1, -4]}
							}
						},
						{
							"origin": [-4, 23, -2],
							"size": [1, 1, 0],
							"inflate": 0.8,
							"uv": {
								"north": {"uv": [20, 20], "uv_size": [1, 1]},
								"east": {"uv": [16, 20], "uv_size": [4, 1]},
								"south": {"uv": [21, 20], "uv_size": [-1, 1]},
								"west": {"uv": [28, 20], "uv_size": [4, 1]},
								"up": {"uv": [20, 16], "uv_size": [1, 4]},
								"down": {"uv": [28, 20], "uv_size": [1, -4]}
							}
						},
						{
							"origin": [-4, 22, -2],
							"size": [3, 1, 0],
							"inflate": 0.8,
							"uv": {
								"north": {"uv": [20, 21], "uv_size": [3, 1]},
								"east": {"uv": [16, 21], "uv_size": [4, 1]},
								"south": {"uv": [23, 21], "uv_size": [-3, 1]},
								"west": {"uv": [28, 21], "uv_size": [4, 1]},
								"up": {"uv": [20, 16], "uv_size": [3, 4]},
								"down": {"uv": [28, 20], "uv_size": [3, -4]}
							}
						},
						{
							"origin": [2, 12, -2],
							"size": [1, 1, 0],
							"inflate": 0.8,
							"uv": {
								"north": {"uv": [26, 31], "uv_size": [1, 1]},
								"east": {"uv": [16, 31], "uv_size": [4, 1]},
								"south": {"uv": [27, 31], "uv_size": [-1, 1]},
								"west": {"uv": [28, 31], "uv_size": [4, 1]},
								"up": {"uv": [26, 16], "uv_size": [1, 4]},
								"down": {"uv": [34, 20], "uv_size": [1, -4]}
							}
						},
						{
							"origin": [-2, 14, -2],
							"size": [5, 3, 0],
							"inflate": 0.8,
							"uv": {
								"north": {"uv": [22, 27], "uv_size": [5, 3]},
								"east": {"uv": [16, 27], "uv_size": [4, 3]},
								"south": {"uv": [27, 27], "uv_size": [-5, 3]},
								"west": {"uv": [28, 27], "uv_size": [4, 3]},
								"up": {"uv": [22, 16], "uv_size": [5, 4]},
								"down": {"uv": [30, 20], "uv_size": [5, -4]}
							}
						},
						{
							"origin": [1, 13, -2],
							"size": [2, 1, 0],
							"inflate": 0.8,
							"uv": {
								"north": {"uv": [25, 30], "uv_size": [2, 1]},
								"east": {"uv": [16, 30], "uv_size": [4, 1]},
								"south": {"uv": [27, 30], "uv_size": [-2, 1]},
								"west": {"uv": [28, 30], "uv_size": [4, 1]},
								"up": {"uv": [25, 16], "uv_size": [2, 4]},
								"down": {"uv": [33, 20], "uv_size": [2, -4]}
							}
						},
						{
							"origin": [-2, 13, -2],
							"size": [2, 1, 0],
							"inflate": 0.8,
							"uv": {
								"north": {"uv": [22, 30], "uv_size": [2, 1]},
								"east": {"uv": [16, 30], "uv_size": [4, 1]},
								"south": {"uv": [24, 30], "uv_size": [-2, 1]},
								"west": {"uv": [28, 30], "uv_size": [4, 1]},
								"up": {"uv": [22, 16], "uv_size": [2, 4]},
								"down": {"uv": [30, 20], "uv_size": [2, -4]}
							}
						},
						{
							"origin": [-1, 12, -2],
							"size": [1, 1, 0],
							"inflate": 0.8,
							"uv": {
								"north": {"uv": [23, 31], "uv_size": [1, 1]},
								"east": {"uv": [16, 31], "uv_size": [4, 1]},
								"south": {"uv": [24, 31], "uv_size": [-1, 1]},
								"west": {"uv": [28, 31], "uv_size": [4, 1]},
								"up": {"uv": [23, 16], "uv_size": [1, 4]},
								"down": {"uv": [31, 20], "uv_size": [1, -4]}
							}
						},
						{
							"origin": [-4, 16, -2],
							"size": [2, 1, 0],
							"inflate": 0.8,
							"uv": {
								"north": {"uv": [20, 27], "uv_size": [2, 1]},
								"east": {"uv": [16, 27], "uv_size": [4, 1]},
								"south": {"uv": [22, 27], "uv_size": [-2, 1]},
								"west": {"uv": [28, 27], "uv_size": [4, 1]},
								"up": {"uv": [20, 16], "uv_size": [2, 4]},
								"down": {"uv": [28, 20], "uv_size": [2, -4]}
							}
						},
						{
							"origin": [-4, 13, -2],
							"size": [1, 3, 0],
							"inflate": 0.8,
							"uv": {
								"north": {"uv": [20, 28], "uv_size": [1, 3]},
								"east": {"uv": [16, 28], "uv_size": [4, 3]},
								"south": {"uv": [21, 28], "uv_size": [-1, 3]},
								"west": {"uv": [28, 28], "uv_size": [4, 3]},
								"up": {"uv": [20, 16], "uv_size": [1, 4]},
								"down": {"uv": [28, 20], "uv_size": [1, -4]}
							}
						}
					]
				},
				{
					"name": "head",
					"parent": "body",
					"pivot": [0, 24, 0]
				},
				{
					"name": "top_head",
					"parent": "head",
					"pivot": [0, 0, 0],
					"cubes": [
						{
							"origin": [2, 32, -4],
							"size": [2, 0, 8],
							"inflate": 0.8,
							"uv": {
								"north": {"uv": [14, 8], "uv_size": [2, 8]},
								"east": {"uv": [0, 8], "uv_size": [8, 8]},
								"south": {"uv": [24, 8], "uv_size": [2, 8]},
								"west": {"uv": [16, 8], "uv_size": [8, 8]},
								"up": {"uv": [14, 0], "uv_size": [2, 8]},
								"down": {"uv": [14, 8], "uv_size": [2, -8]}
							}
						},
						{
							"origin": [-4, 32, -4],
							"size": [2, 0, 5],
							"inflate": 0.8,
							"uv": {
								"north": {"uv": [8, 8], "uv_size": [2, 8]},
								"east": {"uv": [3, 8], "uv_size": [5, 8]},
								"south": {"uv": [30, 8], "uv_size": [2, 8]},
								"west": {"uv": [16, 8], "uv_size": [5, 8]},
								"up": {"uv": [8, 3], "uv_size": [2, 5]},
								"down": {"uv": [8, 8], "uv_size": [2, -5]}
							}
						},
						{
							"origin": [-2, 32, -4],
							"size": [3, 0, 8],
							"inflate": 0.8,
							"uv": {
								"north": {"uv": [10, 8], "uv_size": [3, 8]},
								"east": {"uv": [0, 8], "uv_size": [8, 8]},
								"south": {"uv": [27, 8], "uv_size": [3, 8]},
								"west": {"uv": [16, 8], "uv_size": [8, 8]},
								"up": {"uv": [10, 0], "uv_size": [3, 8]},
								"down": {"uv": [10, 8], "uv_size": [3, -8]}
							}
						},
						{
							"origin": [1, 32, -4],
							"size": [1, 0, 3],
							"inflate": 0.8,
							"uv": {
								"north": {"uv": [13, 8], "uv_size": [1, 8]},
								"east": {"uv": [5, 8], "uv_size": [3, 8]},
								"south": {"uv": [26, 8], "uv_size": [1, 8]},
								"west": {"uv": [16, 8], "uv_size": [3, 8]},
								"up": {"uv": [13, 5], "uv_size": [1, 3]},
								"down": {"uv": [13, 8], "uv_size": [1, -3]}
							}
						},
						{
							"origin": [-3, 32, 1],
							"size": [1, 0, 1],
							"inflate": 0.8,
							"uv": {
								"north": {"uv": [9, 8], "uv_size": [1, 8]},
								"east": {"uv": [2, 8], "uv_size": [1, 8]},
								"south": {"uv": [30, 8], "uv_size": [1, 8]},
								"west": {"uv": [21, 8], "uv_size": [1, 8]},
								"up": {"uv": [9, 2], "uv_size": [1, 1]},
								"down": {"uv": [9, 3], "uv_size": [1, -1]}
							}
						},
						{
							"origin": [-4, 32, 2],
							"size": [2, 0, 2],
							"inflate": 0.8,
							"uv": {
								"north": {"uv": [8, 8], "uv_size": [2, 8]},
								"east": {"uv": [0, 8], "uv_size": [2, 8]},
								"south": {"uv": [30, 8], "uv_size": [2, 8]},
								"west": {"uv": [22, 8], "uv_size": [2, 8]},
								"up": {"uv": [8, 0], "uv_size": [2, 2]},
								"down": {"uv": [8, 2], "uv_size": [2, -2]}
							}
						},
						{
							"origin": [-4, 32, 1],
							"size": [1, 0, 1],
							"inflate": 0.8,
							"uv": {
								"north": {"uv": [8, 8], "uv_size": [1, 8]},
								"east": {"uv": [2, 8], "uv_size": [1, 8]},
								"south": {"uv": [31, 8], "uv_size": [1, 8]},
								"west": {"uv": [21, 8], "uv_size": [1, 8]},
								"up": {"uv": [8, 2], "uv_size": [1, 1]},
								"down": {"uv": [8, 3], "uv_size": [1, -1]}
							}
						},
						{
							"origin": [1, 32, -1],
							"size": [1, 0, 2],
							"inflate": 0.8,
							"uv": {
								"north": {"uv": [13, 8], "uv_size": [1, 8]},
								"east": {"uv": [3, 8], "uv_size": [2, 8]},
								"south": {"uv": [26, 8], "uv_size": [1, 8]},
								"west": {"uv": [19, 8], "uv_size": [2, 8]},
								"up": {"uv": [13, 3], "uv_size": [1, 2]},
								"down": {"uv": [13, 5], "uv_size": [1, -2]}
							}
						},
						{
							"origin": [1, 32, 1],
							"size": [1, 0, 3],
							"inflate": 0.8,
							"uv": {
								"north": {"uv": [13, 8], "uv_size": [1, 8]},
								"east": {"uv": [0, 8], "uv_size": [3, 8]},
								"south": {"uv": [26, 8], "uv_size": [1, 8]},
								"west": {"uv": [21, 8], "uv_size": [3, 8]},
								"up": {"uv": [13, 0], "uv_size": [1, 3]},
								"down": {"uv": [13, 3], "uv_size": [1, -3]}
							}
						}
					]
				},
				{
					"name": "left_head",
					"parent": "head",
					"pivot": [0, 0, 0],
					"cubes": [
						{
							"origin": [4, 29, -4],
							"size": [0, 3, 8],
							"inflate": 0.8,
							"uv": {
								"north": {"uv": [8, 8], "uv_size": [8, 3]},
								"east": {"uv": [24, 8], "uv_size": [-8, 3]},
								"south": {"uv": [24, 8], "uv_size": [8, 3]},
								"west": {"uv": [16, 8], "uv_size": [8, 3]},
								"up": {"uv": [8, 0], "uv_size": [8, 8]},
								"down": {"uv": [16, 8], "uv_size": [8, -8]}
							}
						},
						{
							"origin": [4, 24, 3],
							"size": [0, 5, 1],
							"inflate": 0.8,
							"uv": {
								"north": {"uv": [8, 11], "uv_size": [8, 5]},
								"east": {"uv": [24, 11], "uv_size": [-1, 5]},
								"south": {"uv": [24, 11], "uv_size": [8, 5]},
								"west": {"uv": [23, 11], "uv_size": [1, 5]},
								"up": {"uv": [8, 0], "uv_size": [8, 1]},
								"down": {"uv": [16, 1], "uv_size": [8, -1]}
							}
						},
						{
							"origin": [4, 25, -1],
							"size": [0, 4, 3],
							"inflate": 0.8,
							"uv": {
								"north": {"uv": [8, 11], "uv_size": [8, 4]},
								"east": {"uv": [22, 11], "uv_size": [-3, 4]},
								"south": {"uv": [24, 11], "uv_size": [8, 4]},
								"west": {"uv": [19, 11], "uv_size": [3, 4]},
								"up": {"uv": [8, 2], "uv_size": [8, 3]},
								"down": {"uv": [16, 5], "uv_size": [8, -3]}
							}
						},
						{
							"origin": [4, 24, 0],
							"size": [0, 1, 2],
							"inflate": 0.8,
							"uv": {
								"north": {"uv": [8, 15], "uv_size": [8, 1]},
								"east": {"uv": [22, 15], "uv_size": [-2, 1]},
								"south": {"uv": [24, 15], "uv_size": [8, 1]},
								"west": {"uv": [20, 15], "uv_size": [2, 1]},
								"up": {"uv": [8, 2], "uv_size": [8, 2]},
								"down": {"uv": [16, 4], "uv_size": [8, -2]}
							}
						},
						{
							"origin": [4, 27, 2],
							"size": [0, 2, 1],
							"inflate": 0.8,
							"uv": {
								"north": {"uv": [8, 11], "uv_size": [8, 2]},
								"east": {"uv": [23, 11], "uv_size": [-1, 2]},
								"south": {"uv": [24, 11], "uv_size": [8, 2]},
								"west": {"uv": [22, 11], "uv_size": [1, 2]},
								"up": {"uv": [8, 1], "uv_size": [8, 1]},
								"down": {"uv": [16, 2], "uv_size": [8, -1]}
							}
						},
						{
							"origin": [4, 28, -2],
							"size": [0, 1, 1],
							"inflate": 0.8,
							"uv": {
								"north": {"uv": [8, 11], "uv_size": [8, 1]},
								"east": {"uv": [19, 11], "uv_size": [-1, 1]},
								"south": {"uv": [24, 11], "uv_size": [8, 1]},
								"west": {"uv": [18, 11], "uv_size": [1, 1]},
								"up": {"uv": [8, 5], "uv_size": [8, 1]},
								"down": {"uv": [16, 6], "uv_size": [8, -1]}
							}
						}
					]
				},
				{
					"name": "right_head",
					"parent": "head",
					"pivot": [0, 0, 0],
					"cubes": [
						{
							"origin": [-4, 24, 0],
							"size": [0, 2, 2],
							"inflate": 0.8,
							"uv": {
								"north": {"uv": [8, 14], "uv_size": [8, 2]},
								"east": {"uv": [2, 14], "uv_size": [2, 2]},
								"south": {"uv": [24, 14], "uv_size": [8, 2]},
								"west": {"uv": [20, 14], "uv_size": [2, 2]},
								"up": {"uv": [8, 2], "uv_size": [8, 2]},
								"down": {"uv": [16, 4], "uv_size": [8, -2]}
							}
						},
						{
							"origin": [-4, 25, -1],
							"size": [0, 1, 1],
							"inflate": 0.8,
							"uv": {
								"north": {"uv": [8, 14], "uv_size": [8, 1]},
								"east": {"uv": [4, 14], "uv_size": [1, 1]},
								"south": {"uv": [24, 14], "uv_size": [8, 1]},
								"west": {"uv": [19, 14], "uv_size": [1, 1]},
								"up": {"uv": [8, 4], "uv_size": [8, 1]},
								"down": {"uv": [16, 5], "uv_size": [8, -1]}
							}
						},
						{
							"origin": [-4, 24, 3],
							"size": [0, 2, 1],
							"inflate": 0.8,
							"uv": {
								"north": {"uv": [8, 14], "uv_size": [8, 2]},
								"east": {"uv": [0, 14], "uv_size": [1, 2]},
								"south": {"uv": [24, 14], "uv_size": [8, 2]},
								"west": {"uv": [23, 14], "uv_size": [1, 2]},
								"up": {"uv": [8, 0], "uv_size": [8, 1]},
								"down": {"uv": [16, 1], "uv_size": [8, -1]}
							}
						},
						{
							"origin": [-4, 26, -1],
							"size": [0, 6, 5],
							"inflate": 0.8,
							"uv": {
								"north": {"uv": [8, 8], "uv_size": [8, 6]},
								"east": {"uv": [0, 8], "uv_size": [5, 6]},
								"south": {"uv": [24, 8], "uv_size": [8, 6]},
								"west": {"uv": [19, 8], "uv_size": [5, 6]},
								"up": {"uv": [8, 0], "uv_size": [8, 5]},
								"down": {"uv": [16, 5], "uv_size": [8, -5]}
							}
						},
						{
							"origin": [-4, 29, -4],
							"size": [0, 3, 3],
							"inflate": 0.8,
							"uv": {
								"north": {"uv": [8, 8], "uv_size": [8, 3]},
								"east": {"uv": [5, 8], "uv_size": [3, 3]},
								"south": {"uv": [24, 8], "uv_size": [8, 3]},
								"west": {"uv": [16, 8], "uv_size": [3, 3]},
								"up": {"uv": [8, 5], "uv_size": [8, 3]},
								"down": {"uv": [16, 8], "uv_size": [8, -3]}
							}
						},
						{
							"origin": [-4, 28, -2],
							"size": [0, 1, 1],
							"inflate": 0.8,
							"uv": {
								"north": {"uv": [8, 11], "uv_size": [8, 1]},
								"east": {"uv": [5, 11], "uv_size": [1, 1]},
								"south": {"uv": [24, 11], "uv_size": [8, 1]},
								"west": {"uv": [18, 11], "uv_size": [1, 1]},
								"up": {"uv": [8, 5], "uv_size": [8, 1]},
								"down": {"uv": [16, 6], "uv_size": [8, -1]}
							}
						}
					]
				},
				{
					"name": "back_head",
					"parent": "head",
					"pivot": [0, 0, 0],
					"cubes": [
						{
							"origin": [-3, 26, 4],
							"size": [7, 6, 0],
							"inflate": 0.8,
							"uv": {
								"north": {"uv": [31, 8], "uv_size": [-7, 6]},
								"east": {"uv": [0, 8], "uv_size": [8, 6]},
								"south": {"uv": [24, 8], "uv_size": [7, 6]},
								"west": {"uv": [16, 8], "uv_size": [8, 6]},
								"up": {"uv": [9, 0], "uv_size": [7, 8]},
								"down": {"uv": [17, 8], "uv_size": [7, -8]}
							}
						},
						{
							"origin": [-4, 28, 4],
							"size": [1, 4, 0],
							"inflate": 0.8,
							"uv": {
								"north": {"uv": [32, 8], "uv_size": [-1, 4]},
								"east": {"uv": [0, 8], "uv_size": [8, 4]},
								"south": {"uv": [31, 8], "uv_size": [1, 4]},
								"west": {"uv": [16, 8], "uv_size": [8, 4]},
								"up": {"uv": [8, 0], "uv_size": [1, 8]},
								"down": {"uv": [16, 8], "uv_size": [1, -8]}
							}
						},
						{
							"origin": [-2, 24, 4],
							"size": [2, 2, 0],
							"inflate": 0.8,
							"uv": {
								"north": {"uv": [30, 14], "uv_size": [-2, 2]},
								"east": {"uv": [0, 14], "uv_size": [8, 2]},
								"south": {"uv": [28, 14], "uv_size": [2, 2]},
								"west": {"uv": [16, 14], "uv_size": [8, 2]},
								"up": {"uv": [10, 0], "uv_size": [2, 8]},
								"down": {"uv": [18, 8], "uv_size": [2, -8]}
							}
						},
						{
							"origin": [1, 24, 4],
							"size": [3, 2, 0],
							"inflate": 0.8,
							"uv": {
								"north": {"uv": [27, 14], "uv_size": [-3, 2]},
								"east": {"uv": [0, 14], "uv_size": [8, 2]},
								"south": {"uv": [24, 14], "uv_size": [3, 2]},
								"west": {"uv": [16, 14], "uv_size": [8, 2]},
								"up": {"uv": [13, 0], "uv_size": [3, 8]},
								"down": {"uv": [21, 8], "uv_size": [3, -8]}
							}
						}
					]
				},
				{
					"name": "front_head",
					"parent": "head",
					"pivot": [0, 0, 0],
					"cubes": [
						{
							"origin": [3, 29, -4],
							"size": [1, 3, 0],
							"inflate": 0.8,
							"uv": {
								"north": {"uv": [15, 8], "uv_size": [1, 3]},
								"east": {"uv": [0, 8], "uv_size": [8, 3]},
								"south": {"uv": [24, 8], "uv_size": [1, 3]},
								"west": {"uv": [16, 8], "uv_size": [8, 3]},
								"up": {"uv": [15, 0], "uv_size": [1, 8]},
								"down": {"uv": [23, 8], "uv_size": [1, -8]}
							}
						},
						{
							"origin": [-4, 29, -4],
							"size": [6, 3, 0],
							"inflate": 0.8,
							"uv": {
								"north": {"uv": [8, 8], "uv_size": [6, 3]},
								"east": {"uv": [0, 8], "uv_size": [8, 3]},
								"south": {"uv": [26, 8], "uv_size": [6, 3]},
								"west": {"uv": [16, 8], "uv_size": [8, 3]},
								"up": {"uv": [8, 0], "uv_size": [6, 8]},
								"down": {"uv": [16, 8], "uv_size": [6, -8]}
							}
						},
						{
							"origin": [2, 31, -4],
							"size": [1, 1, 0],
							"inflate": 0.8,
							"uv": {
								"north": {"uv": [14, 8], "uv_size": [1, 1]},
								"east": {"uv": [0, 8], "uv_size": [8, 1]},
								"south": {"uv": [25, 8], "uv_size": [1, 1]},
								"west": {"uv": [16, 8], "uv_size": [8, 1]},
								"up": {"uv": [14, 0], "uv_size": [1, 8]},
								"down": {"uv": [22, 8], "uv_size": [1, -8]}
							}
						},
						{
							"origin": [-1, 28, -4],
							"size": [2, 1, 0],
							"inflate": 0.8,
							"uv": {
								"north": {"uv": [11, 11], "uv_size": [2, 1]},
								"east": {"uv": [0, 11], "uv_size": [8, 1]},
								"south": {"uv": [27, 11], "uv_size": [2, 1]},
								"west": {"uv": [16, 11], "uv_size": [8, 1]},
								"up": {"uv": [11, 0], "uv_size": [2, 8]},
								"down": {"uv": [19, 8], "uv_size": [2, -8]}
							}
						}
					]
				},
				{
					"name": "rightArm",
					"parent": "body",
					"pivot": [-5, 22, 0]
				},
				{
					"name": "rightArm_top",
					"parent": "rightArm",
					"pivot": [0, 0, 0],
					"cubes": [
						{
							"origin": [-8, 24, -2],
							"size": [4, 0, 4],
							"inflate": 0.8,
							"uv": {
								"north": {"uv": [44, 20], "uv_size": [4, 12]},
								"east": {"uv": [40, 20], "uv_size": [4, 12]},
								"south": {"uv": [52, 20], "uv_size": [4, 12]},
								"west": {"uv": [48, 20], "uv_size": [4, 12]},
								"up": {"uv": [44, 16], "uv_size": [4, 4]},
								"down": {"uv": [48, 20], "uv_size": [4, -4]}
							}
						}
					]
				},
				{
					"name": "rightArm_front",
					"parent": "rightArm",
					"pivot": [0, 0, 0],
					"cubes": [
						{
							"origin": [-8, 20, -2],
							"size": [4, 4, 0],
							"inflate": 0.8,
							"uv": {
								"north": {"uv": [44, 20], "uv_size": [4, 4]},
								"east": {"uv": [40, 20], "uv_size": [4, 4]},
								"south": {"uv": [52, 20], "uv_size": [4, 4]},
								"west": {"uv": [48, 20], "uv_size": [4, 4]},
								"up": {"uv": [44, 16], "uv_size": [4, 4]},
								"down": {"uv": [48, 20], "uv_size": [4, -4]}
							}
						},
						{
							"origin": [-7, 19, -2],
							"size": [1, 1, 0],
							"inflate": 0.8,
							"uv": {
								"north": {"uv": [45, 24], "uv_size": [1, 1]},
								"east": {"uv": [40, 24], "uv_size": [4, 1]},
								"south": {"uv": [54, 24], "uv_size": [1, 1]},
								"west": {"uv": [48, 24], "uv_size": [4, 1]},
								"up": {"uv": [45, 16], "uv_size": [1, 4]},
								"down": {"uv": [49, 20], "uv_size": [1, -4]}
							}
						},
						{
							"origin": [-6, 16, -2],
							"size": [1, 4, 0],
							"inflate": 0.8,
							"uv": {
								"north": {"uv": [46, 24], "uv_size": [1, 4]},
								"east": {"uv": [40, 24], "uv_size": [4, 4]},
								"south": {"uv": [53, 24], "uv_size": [1, 4]},
								"west": {"uv": [48, 24], "uv_size": [4, 4]},
								"up": {"uv": [46, 16], "uv_size": [1, 4]},
								"down": {"uv": [50, 20], "uv_size": [1, -4]}
							}
						}
					]
				},
				{
					"name": "rightArm_back",
					"parent": "rightArm",
					"pivot": [0, 0, 0],
					"cubes": [
						{
							"origin": [-5, 16, 2],
							"size": [1, 3, 0],
							"inflate": 0.8,
							"uv": {
								"north": {"uv": [47, 25], "uv_size": [1, 3]},
								"east": {"uv": [40, 25], "uv_size": [4, 3]},
								"south": {"uv": [52, 25], "uv_size": [1, 3]},
								"west": {"uv": [48, 25], "uv_size": [4, 3]},
								"up": {"uv": [47, 16], "uv_size": [1, 4]},
								"down": {"uv": [51, 20], "uv_size": [1, -4]}
							}
						},
						{
							"origin": [-8, 20, 2],
							"size": [4, 4, 0],
							"inflate": 0.8,
							"uv": {
								"north": {"uv": [44, 20], "uv_size": [4, 4]},
								"east": {"uv": [40, 20], "uv_size": [4, 4]},
								"south": {"uv": [52, 20], "uv_size": [4, 4]},
								"west": {"uv": [48, 20], "uv_size": [4, 4]},
								"up": {"uv": [44, 16], "uv_size": [4, 4]},
								"down": {"uv": [48, 20], "uv_size": [4, -4]}
							}
						},
						{
							"origin": [-7, 19, 2],
							"size": [3, 1, 0],
							"inflate": 0.8,
							"uv": {
								"north": {"uv": [45, 24], "uv_size": [3, 1]},
								"east": {"uv": [40, 24], "uv_size": [4, 1]},
								"south": {"uv": [52, 24], "uv_size": [3, 1]},
								"west": {"uv": [48, 24], "uv_size": [4, 1]},
								"up": {"uv": [45, 16], "uv_size": [3, 4]},
								"down": {"uv": [49, 20], "uv_size": [3, -4]}
							}
						},
						{
							"origin": [-7, 18, 2],
							"size": [1, 1, 0],
							"inflate": 0.8,
							"uv": {
								"north": {"uv": [45, 25], "uv_size": [1, 1]},
								"east": {"uv": [40, 25], "uv_size": [4, 1]},
								"south": {"uv": [54, 25], "uv_size": [1, 1]},
								"west": {"uv": [48, 25], "uv_size": [4, 1]},
								"up": {"uv": [45, 16], "uv_size": [1, 4]},
								"down": {"uv": [49, 20], "uv_size": [1, -4]}
							}
						}
					]
				},
				{
					"name": "rightArm_right",
					"parent": "rightArm",
					"pivot": [0, 0, 0],
					"cubes": [
						{
							"origin": [-8, 16, -2],
							"size": [0, 2, 1],
							"inflate": 0.8,
							"uv": {
								"north": {"uv": [44, 26], "uv_size": [4, 2]},
								"east": {"uv": [43, 26], "uv_size": [1, 2]},
								"south": {"uv": [52, 26], "uv_size": [4, 2]},
								"west": {"uv": [48, 26], "uv_size": [1, 2]},
								"up": {"uv": [44, 19], "uv_size": [4, 1]},
								"down": {"uv": [48, 20], "uv_size": [4, -1]}
							}
						},
						{
							"origin": [-8, 15, 0],
							"size": [0, 1, 1],
							"inflate": 0.8,
							"uv": {
								"north": {"uv": [44, 28], "uv_size": [4, 1]},
								"east": {"uv": [41, 28], "uv_size": [1, 1]},
								"south": {"uv": [52, 28], "uv_size": [4, 1]},
								"west": {"uv": [50, 28], "uv_size": [1, 1]},
								"up": {"uv": [44, 17], "uv_size": [4, 1]},
								"down": {"uv": [48, 18], "uv_size": [4, -1]}
							}
						},
						{
							"origin": [-8, 16, 0],
							"size": [0, 2, 2],
							"inflate": 0.8,
							"uv": {
								"north": {"uv": [44, 26], "uv_size": [4, 2]},
								"east": {"uv": [40, 26], "uv_size": [2, 2]},
								"south": {"uv": [52, 26], "uv_size": [4, 2]},
								"west": {"uv": [50, 26], "uv_size": [2, 2]},
								"up": {"uv": [44, 16], "uv_size": [4, 2]},
								"down": {"uv": [48, 18], "uv_size": [4, -2]}
							}
						},
						{
							"origin": [-8, 18, -2],
							"size": [0, 6, 4],
							"inflate": 0.8,
							"uv": {
								"north": {"uv": [44, 20], "uv_size": [4, 6]},
								"east": {"uv": [40, 20], "uv_size": [4, 6]},
								"south": {"uv": [52, 20], "uv_size": [4, 6]},
								"west": {"uv": [48, 20], "uv_size": [4, 6]},
								"up": {"uv": [44, 16], "uv_size": [4, 4]},
								"down": {"uv": [48, 20], "uv_size": [4, -4]}
							}
						}
					]
				},
				{
					"name": "leftArm",
					"parent": "body",
					"pivot": [5, 22, 0]
				},
				{
					"name": "leftArm_top",
					"parent": "leftArm",
					"pivot": [0, 0, 0],
					"cubes": [
						{
							"origin": [4, 24, -2],
							"size": [4, 0, 4],
							"inflate": 0.8,
							"uv": {
								"north": {"uv": [48, 20], "uv_size": [-4, 12]},
								"east": {"uv": [52, 20], "uv_size": [-4, 12]},
								"south": {"uv": [56, 20], "uv_size": [-4, 12]},
								"west": {"uv": [44, 20], "uv_size": [-4, 12]},
								"up": {"uv": [48, 16], "uv_size": [-4, 4]},
								"down": {"uv": [52, 20], "uv_size": [-4, -4]}
							}
						}
					]
				},
				{
					"name": "leftArm_back",
					"parent": "leftArm",
					"pivot": [0, 0, 0],
					"cubes": [
						{
							"origin": [4, 16, 2],
							"size": [1, 3, 0],
							"inflate": 0.8,
							"uv": {
								"north": {"uv": [48, 25], "uv_size": [-1, 3]},
								"east": {"uv": [52, 25], "uv_size": [-4, 3]},
								"south": {"uv": [53, 25], "uv_size": [-1, 3]},
								"west": {"uv": [44, 25], "uv_size": [-4, 3]},
								"up": {"uv": [48, 16], "uv_size": [-1, 4]},
								"down": {"uv": [52, 20], "uv_size": [-1, -4]}
							}
						},
						{
							"origin": [6, 18, 2],
							"size": [1, 1, 0],
							"inflate": 0.8,
							"uv": {
								"north": {"uv": [46, 25], "uv_size": [-1, 1]},
								"east": {"uv": [52, 25], "uv_size": [-4, 1]},
								"south": {"uv": [55, 25], "uv_size": [-1, 1]},
								"west": {"uv": [44, 25], "uv_size": [-4, 1]},
								"up": {"uv": [46, 16], "uv_size": [-1, 4]},
								"down": {"uv": [50, 20], "uv_size": [-1, -4]}
							}
						},
						{
							"origin": [4, 19, 2],
							"size": [3, 1, 0],
							"inflate": 0.8,
							"uv": {
								"north": {"uv": [48, 24], "uv_size": [-3, 1]},
								"east": {"uv": [52, 24], "uv_size": [-4, 1]},
								"south": {"uv": [55, 24], "uv_size": [-3, 1]},
								"west": {"uv": [44, 24], "uv_size": [-4, 1]},
								"up": {"uv": [48, 16], "uv_size": [-3, 4]},
								"down": {"uv": [52, 20], "uv_size": [-3, -4]}
							}
						},
						{
							"origin": [4, 20, 2],
							"size": [4, 4, 0],
							"inflate": 0.8,
							"uv": {
								"north": {"uv": [48, 20], "uv_size": [-4, 4]},
								"east": {"uv": [52, 20], "uv_size": [-4, 4]},
								"south": {"uv": [56, 20], "uv_size": [-4, 4]},
								"west": {"uv": [44, 20], "uv_size": [-4, 4]},
								"up": {"uv": [48, 16], "uv_size": [-4, 4]},
								"down": {"uv": [52, 20], "uv_size": [-4, -4]}
							}
						}
					]
				},
				{
					"name": "leftArm_left",
					"parent": "leftArm",
					"pivot": [0, 0, 0],
					"cubes": [
						{
							"origin": [8, 16, -2],
							"size": [0, 2, 1],
							"inflate": 0.8,
							"uv": {
								"north": {"uv": [48, 26], "uv_size": [-4, 2]},
								"east": {"uv": [49, 26], "uv_size": [-1, 2]},
								"south": {"uv": [56, 26], "uv_size": [-4, 2]},
								"west": {"uv": [44, 26], "uv_size": [-1, 2]},
								"up": {"uv": [48, 19], "uv_size": [-4, 1]},
								"down": {"uv": [52, 20], "uv_size": [-4, -1]}
							}
						},
						{
							"origin": [8, 15, 0],
							"size": [0, 1, 1],
							"inflate": 0.8,
							"uv": {
								"north": {"uv": [48, 28], "uv_size": [-4, 1]},
								"east": {"uv": [51, 28], "uv_size": [-1, 1]},
								"south": {"uv": [56, 28], "uv_size": [-4, 1]},
								"west": {"uv": [42, 28], "uv_size": [-1, 1]},
								"up": {"uv": [48, 17], "uv_size": [-4, 1]},
								"down": {"uv": [52, 18], "uv_size": [-4, -1]}
							}
						},
						{
							"origin": [8, 16, 0],
							"size": [0, 2, 2],
							"inflate": 0.8,
							"uv": {
								"north": {"uv": [48, 26], "uv_size": [-4, 2]},
								"east": {"uv": [52, 26], "uv_size": [-2, 2]},
								"south": {"uv": [56, 26], "uv_size": [-4, 2]},
								"west": {"uv": [42, 26], "uv_size": [-2, 2]},
								"up": {"uv": [48, 16], "uv_size": [-4, 2]},
								"down": {"uv": [52, 18], "uv_size": [-4, -2]}
							}
						},
						{
							"origin": [8, 18, -2],
							"size": [0, 6, 4],
							"inflate": 0.8,
							"uv": {
								"north": {"uv": [48, 20], "uv_size": [-4, 6]},
								"east": {"uv": [52, 20], "uv_size": [-4, 6]},
								"south": {"uv": [56, 20], "uv_size": [-4, 6]},
								"west": {"uv": [44, 20], "uv_size": [-4, 6]},
								"up": {"uv": [48, 16], "uv_size": [-4, 4]},
								"down": {"uv": [52, 20], "uv_size": [-4, -4]}
							}
						}
					]
				},
				{
					"name": "leftArm_front",
					"parent": "leftArm",
					"pivot": [0, 0, 0],
					"cubes": [
						{
							"origin": [5, 16, -2],
							"size": [1, 3, 0],
							"inflate": 0.8,
							"uv": {
								"north": {"uv": [47, 25], "uv_size": [-1, 3]},
								"east": {"uv": [52, 25], "uv_size": [-4, 3]},
								"south": {"uv": [54, 25], "uv_size": [-1, 3]},
								"west": {"uv": [44, 25], "uv_size": [-4, 3]},
								"up": {"uv": [47, 16], "uv_size": [-1, 4]},
								"down": {"uv": [51, 20], "uv_size": [-1, -4]}
							}
						},
						{
							"origin": [5, 19, -2],
							"size": [2, 1, 0],
							"inflate": 0.8,
							"uv": {
								"north": {"uv": [47, 24], "uv_size": [-2, 1]},
								"east": {"uv": [52, 24], "uv_size": [-4, 1]},
								"south": {"uv": [55, 24], "uv_size": [-2, 1]},
								"west": {"uv": [44, 24], "uv_size": [-4, 1]},
								"up": {"uv": [47, 16], "uv_size": [-2, 4]},
								"down": {"uv": [51, 20], "uv_size": [-2, -4]}
							}
						},
						{
							"origin": [4, 20, -2],
							"size": [4, 4, 0],
							"inflate": 0.8,
							"uv": {
								"north": {"uv": [48, 20], "uv_size": [-4, 4]},
								"east": {"uv": [52, 20], "uv_size": [-4, 4]},
								"south": {"uv": [56, 20], "uv_size": [-4, 4]},
								"west": {"uv": [44, 20], "uv_size": [-4, 4]},
								"up": {"uv": [48, 16], "uv_size": [-4, 4]},
								"down": {"uv": [52, 20], "uv_size": [-4, -4]}
							}
						}
					]
				},
				{
					"name": "rightLeg",
					"parent": "body",
					"pivot": [-1.9, 12, 0]
				},
				{
					"name": "rightLeg_front",
					"parent": "rightLeg",
					"pivot": [0, 0, 0],
					"cubes": [
						{
							"origin": [-0.9, 6, -2],
							"size": [1, 2, 0],
							"inflate": 0.8,
							"uv": {
								"north": {"uv": [7, 24], "uv_size": [1, 2]},
								"east": {"uv": [0, 24], "uv_size": [4, 2]},
								"south": {"uv": [12, 24], "uv_size": [1, 2]},
								"west": {"uv": [8, 24], "uv_size": [4, 2]},
								"up": {"uv": [7, 16], "uv_size": [1, 4]},
								"down": {"uv": [11, 20], "uv_size": [1, -4]}
							}
						},
						{
							"origin": [-1.9, 8, -2],
							"size": [2, 4, 0],
							"inflate": 0.8,
							"uv": {
								"north": {"uv": [6, 20], "uv_size": [2, 4]},
								"east": {"uv": [0, 20], "uv_size": [4, 4]},
								"south": {"uv": [12, 20], "uv_size": [2, 4]},
								"west": {"uv": [8, 20], "uv_size": [4, 4]},
								"up": {"uv": [6, 16], "uv_size": [2, 4]},
								"down": {"uv": [10, 20], "uv_size": [2, -4]}
							}
						},
						{
							"origin": [-3.9, 4, -2],
							"size": [2, 8, 0],
							"inflate": 0.8,
							"uv": {
								"north": {"uv": [4, 20], "uv_size": [2, 8]},
								"east": {"uv": [0, 20], "uv_size": [4, 8]},
								"south": {"uv": [14, 20], "uv_size": [2, 8]},
								"west": {"uv": [8, 20], "uv_size": [4, 8]},
								"up": {"uv": [4, 16], "uv_size": [2, 4]},
								"down": {"uv": [8, 20], "uv_size": [2, -4]}
							}
						},
						{
							"origin": [-2.9, 3, -2],
							"size": [1, 1, 0],
							"inflate": 0.8,
							"uv": {
								"north": {"uv": [5, 28], "uv_size": [1, 1]},
								"east": {"uv": [0, 28], "uv_size": [4, 1]},
								"south": {"uv": [14, 28], "uv_size": [1, 1]},
								"west": {"uv": [8, 28], "uv_size": [4, 1]},
								"up": {"uv": [5, 16], "uv_size": [1, 4]},
								"down": {"uv": [9, 20], "uv_size": [1, -4]}
							}
						}
					]
				},
				{
					"name": "rightLeg_right",
					"parent": "rightLeg",
					"pivot": [-7.9, 12, 0],
					"cubes": [
						{
							"origin": [-3.9, 7, -1],
							"size": [0, 1, 2],
							"inflate": 0.8,
							"uv": {
								"north": {"uv": [4, 24], "uv_size": [4, 1]},
								"east": {"uv": [1, 24], "uv_size": [2, 1]},
								"south": {"uv": [12, 24], "uv_size": [4, 1]},
								"west": {"uv": [9, 24], "uv_size": [2, 1]},
								"up": {"uv": [4, 17], "uv_size": [4, 2]},
								"down": {"uv": [8, 19], "uv_size": [4, -2]}
							}
						},
						{
							"origin": [-3.9, 8, -2],
							"size": [0, 4, 4],
							"inflate": 0.8,
							"uv": {
								"north": {"uv": [4, 20], "uv_size": [4, 4]},
								"east": {"uv": [0, 20], "uv_size": [4, 4]},
								"south": {"uv": [12, 20], "uv_size": [4, 4]},
								"west": {"uv": [8, 20], "uv_size": [4, 4]},
								"up": {"uv": [4, 16], "uv_size": [4, 4]},
								"down": {"uv": [8, 20], "uv_size": [4, -4]}
							}
						}
					]
				},
				{
					"name": "rightLeg_back",
					"parent": "rightLeg",
					"pivot": [0, 0, 0],
					"cubes": [
						{
							"origin": [-3.9, 7, 2],
							"size": [4, 5, 0],
							"inflate": 0.8,
							"uv": {
								"north": {"uv": [4, 20], "uv_size": [4, 5]},
								"east": {"uv": [0, 20], "uv_size": [4, 5]},
								"south": {"uv": [12, 20], "uv_size": [4, 5]},
								"west": {"uv": [8, 20], "uv_size": [4, 5]},
								"up": {"uv": [4, 16], "uv_size": [4, 4]},
								"down": {"uv": [8, 20], "uv_size": [4, -4]}
							}
						},
						{
							"origin": [-0.9, 4, 2],
							"size": [1, 3, 0],
							"inflate": 0.8,
							"uv": {
								"north": {"uv": [7, 25], "uv_size": [1, 3]},
								"east": {"uv": [0, 25], "uv_size": [4, 3]},
								"south": {"uv": [12, 25], "uv_size": [1, 3]},
								"west": {"uv": [8, 25], "uv_size": [4, 3]},
								"up": {"uv": [7, 16], "uv_size": [1, 4]},
								"down": {"uv": [11, 20], "uv_size": [1, -4]}
							}
						},
						{
							"origin": [-3.9, 4, 2],
							"size": [2, 3, 0],
							"inflate": 0.8,
							"uv": {
								"north": {"uv": [4, 25], "uv_size": [2, 3]},
								"east": {"uv": [0, 25], "uv_size": [4, 3]},
								"south": {"uv": [14, 25], "uv_size": [2, 3]},
								"west": {"uv": [8, 25], "uv_size": [4, 3]},
								"up": {"uv": [4, 16], "uv_size": [2, 4]},
								"down": {"uv": [8, 20], "uv_size": [2, -4]}
							}
						},
						{
							"origin": [-2.9, 3, 2],
							"size": [1, 1, 0],
							"inflate": 0.8,
							"uv": {
								"north": {"uv": [5, 28], "uv_size": [1, 1]},
								"east": {"uv": [0, 28], "uv_size": [4, 1]},
								"south": {"uv": [14, 28], "uv_size": [1, 1]},
								"west": {"uv": [8, 28], "uv_size": [4, 1]},
								"up": {"uv": [5, 16], "uv_size": [1, 4]},
								"down": {"uv": [9, 20], "uv_size": [1, -4]}
							}
						}
					]
				},
				{
					"name": "leftLeg",
					"parent": "body",
					"pivot": [1.9, 12, 0]
				},
				{
					"name": "leftLeg_left",
					"parent": "leftLeg",
					"pivot": [0, 0, 0],
					"cubes": [
						{
							"origin": [3.9, 8, -2],
							"size": [0, 4, 4],
							"inflate": 0.8,
							"uv": {
								"north": {"uv": [8, 20], "uv_size": [-4, 4]},
								"east": {"uv": [12, 20], "uv_size": [-4, 4]},
								"south": {"uv": [16, 20], "uv_size": [-4, 4]},
								"west": {"uv": [4, 20], "uv_size": [-4, 4]},
								"up": {"uv": [8, 16], "uv_size": [-4, 4]},
								"down": {"uv": [12, 20], "uv_size": [-4, -4]}
							}
						},
						{
							"origin": [3.9, 7, -1],
							"size": [0, 1, 2],
							"inflate": 0.8,
							"uv": {
								"north": {"uv": [8, 24], "uv_size": [-4, 1]},
								"east": {"uv": [11, 24], "uv_size": [-2, 1]},
								"south": {"uv": [16, 24], "uv_size": [-4, 1]},
								"west": {"uv": [3, 24], "uv_size": [-2, 1]},
								"up": {"uv": [8, 17], "uv_size": [-4, 2]},
								"down": {"uv": [12, 19], "uv_size": [-4, -2]}
							}
						}
					]
				},
				{
					"name": "leftLeg_front",
					"parent": "leftLeg",
					"pivot": [0, 0, 0],
					"cubes": [
						{
							"origin": [-0.1, 6, -2],
							"size": [1, 6, 0],
							"inflate": 0.8,
							"uv": {
								"north": {"uv": [8, 20], "uv_size": [-1, 6]},
								"east": {"uv": [12, 20], "uv_size": [-4, 6]},
								"south": {"uv": [13, 20], "uv_size": [-1, 6]},
								"west": {"uv": [4, 20], "uv_size": [-4, 6]},
								"up": {"uv": [8, 16], "uv_size": [-1, 4]},
								"down": {"uv": [12, 20], "uv_size": [-1, -4]}
							}
						},
						{
							"origin": [0.9, 8, -2],
							"size": [1, 4, 0],
							"inflate": 0.8,
							"uv": {
								"north": {"uv": [7, 20], "uv_size": [-1, 4]},
								"east": {"uv": [12, 20], "uv_size": [-4, 4]},
								"south": {"uv": [14, 20], "uv_size": [-1, 4]},
								"west": {"uv": [4, 20], "uv_size": [-4, 4]},
								"up": {"uv": [7, 16], "uv_size": [-1, 4]},
								"down": {"uv": [11, 20], "uv_size": [-1, -4]}
							}
						},
						{
							"origin": [1.9, 3, -2],
							"size": [1, 9, 0],
							"inflate": 0.8,
							"uv": {
								"north": {"uv": [6, 20], "uv_size": [-1, 9]},
								"east": {"uv": [12, 20], "uv_size": [-4, 9]},
								"south": {"uv": [15, 20], "uv_size": [-1, 9]},
								"west": {"uv": [4, 20], "uv_size": [-4, 9]},
								"up": {"uv": [6, 16], "uv_size": [-1, 4]},
								"down": {"uv": [10, 20], "uv_size": [-1, -4]}
							}
						},
						{
							"origin": [2.9, 4, -2],
							"size": [1, 8, 0],
							"inflate": 0.8,
							"uv": {
								"north": {"uv": [5, 20], "uv_size": [-1, 8]},
								"east": {"uv": [12, 20], "uv_size": [-4, 8]},
								"south": {"uv": [16, 20], "uv_size": [-1, 8]},
								"west": {"uv": [4, 20], "uv_size": [-4, 8]},
								"up": {"uv": [5, 16], "uv_size": [-1, 4]},
								"down": {"uv": [9, 20], "uv_size": [-1, -4]}
							}
						}
					]
				},
				{
					"name": "leftLeg_back",
					"parent": "leftLeg",
					"pivot": [0, 0, 0],
					"cubes": [
						{
							"origin": [-0.1, 7, 2],
							"size": [4, 5, 0],
							"inflate": 0.8,
							"uv": {
								"north": {"uv": [8, 20], "uv_size": [-4, 5]},
								"east": {"uv": [12, 20], "uv_size": [-4, 5]},
								"south": {"uv": [16, 20], "uv_size": [-4, 5]},
								"west": {"uv": [4, 20], "uv_size": [-4, 5]},
								"up": {"uv": [8, 16], "uv_size": [-4, 4]},
								"down": {"uv": [12, 20], "uv_size": [-4, -4]}
							}
						},
						{
							"origin": [-0.1, 4, 2],
							"size": [1, 3, 0],
							"inflate": 0.8,
							"uv": {
								"north": {"uv": [8, 25], "uv_size": [-1, 3]},
								"east": {"uv": [12, 25], "uv_size": [-4, 3]},
								"south": {"uv": [13, 25], "uv_size": [-1, 3]},
								"west": {"uv": [4, 25], "uv_size": [-4, 3]},
								"up": {"uv": [8, 16], "uv_size": [-1, 4]},
								"down": {"uv": [12, 20], "uv_size": [-1, -4]}
							}
						},
						{
							"origin": [1.9, 4, 2],
							"size": [2, 3, 0],
							"inflate": 0.8,
							"uv": {
								"north": {"uv": [6, 25], "uv_size": [-2, 3]},
								"east": {"uv": [12, 25], "uv_size": [-4, 3]},
								"south": {"uv": [16, 25], "uv_size": [-2, 3]},
								"west": {"uv": [4, 25], "uv_size": [-4, 3]},
								"up": {"uv": [6, 16], "uv_size": [-2, 4]},
								"down": {"uv": [10, 20], "uv_size": [-2, -4]}
							}
						},
						{
							"origin": [1.9, 3, 2],
							"size": [1, 1, 0],
							"inflate": 0.8,
							"uv": {
								"north": {"uv": [6, 28], "uv_size": [-1, 1]},
								"east": {"uv": [12, 28], "uv_size": [-4, 1]},
								"south": {"uv": [15, 28], "uv_size": [-1, 1]},
								"west": {"uv": [4, 28], "uv_size": [-4, 1]},
								"up": {"uv": [6, 16], "uv_size": [-1, 4]},
								"down": {"uv": [10, 20], "uv_size": [-1, -4]}
							}
						}
					]
				}
			]
		}
	]
}