{
	"format_version": "1.12.0",
	"minecraft:geometry": [
		{
			"description": {
				"identifier": "geometry.strider",
				"texture_width": 64,
				"texture_height": 128,
				"visible_bounds_width": 3,
				"visible_bounds_height": 2,
				"visible_bounds_offset": [0, 1, 0]
			},
			"bones": [
				{
					"name": "right_leg",
					"pivot": [-4, 16, 0],
					"cubes": [
						{"origin": [-6, 0, -2], "size": [4, 16, 4], "uv": [0, 32]}
					]
				},
				{
					"name": "left_leg",
					"pivot": [4, 16, 0],
					"cubes": [
						{"origin": [2, 0, -2], "size": [4, 16, 4], "uv": [0, 55]}
					]
				},
        {
          "name": "body",
          "pivot": [ 0, 16, 0 ],
          "cubes": [
            {
              "origin": [ -8, 14, -8 ],
              "size": [ 16, 14, 16 ],
              "uv": [ 0, 0 ]
            }
          ],
          "locators": {
            "lead": [ 0, 15, -1 ]
          }
        },
				{
					"name": "bristle5",
					"parent": "body",
					"pivot": [8, 19, 0],
					"cubes": [
						{"origin": [8, 19, -8], "size": [12, 0, 16], "pivot": [8, 19, 0], "rotation": [0, 0, 70], "uv": [16, 65]}
					]
				},
				{
					"name": "bristle4",
					"parent": "body",
					"pivot": [8, 24, 0],
					"cubes": [
						{"origin": [8, 24, -8], "size": [12, 0, 16], "pivot": [8, 24, 0], "rotation": [0, 0, 65], "uv": [16, 49]}
					]
				},
				{
					"name": "bristle3",
					"parent": "body",
					"pivot": [8, 28, 0],
					"cubes": [
						{"origin": [8, 28, -8], "size": [12, 0, 16], "pivot": [8, 28, 0], "rotation": [0, 0, 50], "uv": [16, 33]}
					]
				},
				{
					"name": "bristle2",
					"parent": "body",
					"pivot": [-8, 28, 0],
					"cubes": [
						{"origin": [-20, 28, -8], "size": [12, 0, 16], "pivot": [-8, 28, 0], "rotation": [0, 0, -50], "uv": [16, 33], "mirror": true}
					]
				},
				{
					"name": "bristle1",
					"parent": "body",
					"pivot": [-8, 24, 0],
					"cubes": [
						{"origin": [-20, 24, -8], "size": [12, 0, 16], "pivot": [-8, 24, 0], "rotation": [0, 0, -65], "uv": [16, 49], "mirror": true}
					]
				},
				{
					"name": "bristle0",
					"parent": "body",
					"pivot": [-8, 19, 0],
					"cubes": [
						{"origin": [-20, 19, -8], "size": [12, 0, 16], "pivot": [-8, 19, 0], "rotation": [0, 0, -70], "uv": [16, 65], "mirror": true}
					]
				}
			]
		}
	]
}