{
	"format_version": "1.12.0",
	"minecraft:geometry": [
		{
			"description": {
				"identifier": "geometry.turtle_glow",
				"texture_width": 128,
				"texture_height": 64,
				"visible_bounds_width": 4,
				"visible_bounds_height": 3,
				"visible_bounds_offset": [0, 0.5, 0]
			},
			"bones": [
				{
					"name": "body",
					"pivot": [0, 13, -10],
					"cubes": [
						{"origin": [-9.5, -10, -20], "size": [19, 20, 6], "inflate": 0.6, "pivot": [0, 13, -10], "rotation": [90, 0, 0], "uv": [6, 37]},
						{"origin": [-5.5, -8, -23], "size": [11, 18, 3], "inflate": 0.6, "pivot": [0, 13, -10], "rotation": [90, 0, 0], "uv": [30, 1]}
					]
				},
				{
					"name": "head",
					"parent": "body",
					"pivot": [0, 5, -10],
					"cubes": [
						{"origin": [-3, 1, -13], "size": [6, 5, 6], "inflate": 0.6, "uv": [2, 0]}
					]
				},
				{
					"name": "eggbelly",
					"parent": "body",
					"pivot": [0, 13, -10],
					"cubes": [
						{"origin": [-4.5, -8, -24], "size": [9, 18, 1], "inflate": 0.6, "pivot": [0, 13, -10], "rotation": [90, 0, 0], "uv": [69, 33]}
					]
				},
				{
					"name": "leg0",
					"parent": "body",
					"pivot": [-3.5, 2, 11],
					"cubes": [
						{"origin": [-5.5, 1, 11], "size": [4, 1, 10], "inflate": 0.6, "uv": [0, 23]}
					]
				},
				{
					"name": "leg1",
					"parent": "body",
					"pivot": [3.5, 2, 11],
					"cubes": [
						{"origin": [1.5, 1, 11], "size": [4, 1, 10], "inflate": 0.6, "uv": [0, 12]}
					]
				},
				{
					"name": "leg2",
					"parent": "body",
					"pivot": [-5, 3, -4],
					"cubes": [
						{"origin": [-18, 2, -6], "size": [13, 1, 5], "inflate": 0.6, "uv": [26, 30]}
					]
				},
				{
					"name": "leg3",
					"parent": "body",
					"pivot": [5, 3, -4],
					"cubes": [
						{"origin": [5, 2, -6], "size": [13, 1, 5], "inflate": 0.6, "uv": [26, 24]}
					]
				}
			]
		}
	]
}