{
	"format_version": "1.21.0",
	"minecraft:geometry": [
		{
			"description": {
				"identifier": "geometry.skeleton.wither_glow",
				"texture_width": 64,
				"texture_height": 32,
				"visible_bounds_width": 6,
				"visible_bounds_height": 3,
				"visible_bounds_offset": [0, 1.5, 0]
			},
			"bones": [
				{
					"name": "waist",
					"pivot": [0, 12, 0]
				},
				{
					"name": "body",
					"parent": "waist",
					"pivot": [0, 24, 0],
					"cubes": [
						{
							"origin": [-3, 12, 1],
							"size": [2, 0, 1],
							"inflate": 0.6,
							"uv": {
								"north": {"uv": [16, 10], "uv_size": [1, 1]},
								"east": {"uv": [16, 10], "uv_size": [1, 1]},
								"south": {"uv": [16, 10], "uv_size": [1, 1]},
								"west": {"uv": [16, 10], "uv_size": [1, 1]},
								"up": {"uv": [17, 11], "uv_size": [-1, -1]},
								"down": {"uv": [17, 11], "uv_size": [-1, -1]}
							}
						},
						{
							"origin": [1, 12, 1],
							"size": [2, 0, 1],
							"inflate": 0.6,
							"uv": {
								"north": {"uv": [16, 10], "uv_size": [1, 1]},
								"east": {"uv": [16, 10], "uv_size": [1, 1]},
								"south": {"uv": [16, 10], "uv_size": [1, 1]},
								"west": {"uv": [16, 10], "uv_size": [1, 1]},
								"up": {"uv": [17, 11], "uv_size": [-1, -1]},
								"down": {"uv": [17, 11], "uv_size": [-1, -1]}
							}
						},
						{
							"origin": [1, 12, -2],
							"size": [2, 0, 1],
							"inflate": 0.6,
							"uv": {
								"north": {"uv": [16, 10], "uv_size": [1, 1]},
								"east": {"uv": [16, 10], "uv_size": [1, 1]},
								"south": {"uv": [16, 10], "uv_size": [1, 1]},
								"west": {"uv": [16, 10], "uv_size": [1, 1]},
								"up": {"uv": [17, 11], "uv_size": [-1, -1]},
								"down": {"uv": [17, 11], "uv_size": [-1, -1]}
							}
						},
						{
							"origin": [-1, 12, -2],
							"size": [2, 0, 4],
							"inflate": 0.6,
							"uv": {
								"north": {"uv": [16, 10], "uv_size": [1, 1]},
								"east": {"uv": [16, 10], "uv_size": [1, 1]},
								"south": {"uv": [16, 10], "uv_size": [1, 1]},
								"west": {"uv": [16, 10], "uv_size": [1, 1]},
								"up": {"uv": [17, 11], "uv_size": [-1, -1]},
								"down": {"uv": [17, 11], "uv_size": [-1, -1]}
							}
						},
						{
							"origin": [-3, 12, -2],
							"size": [2, 0, 1],
							"inflate": 0.6,
							"uv": {
								"north": {"uv": [16, 10], "uv_size": [1, 1]},
								"east": {"uv": [16, 10], "uv_size": [1, 1]},
								"south": {"uv": [16, 10], "uv_size": [1, 1]},
								"west": {"uv": [16, 10], "uv_size": [1, 1]},
								"up": {"uv": [17, 11], "uv_size": [-1, -1]},
								"down": {"uv": [17, 11], "uv_size": [-1, -1]}
							}
						},
						{
							"origin": [-4, 12, -2],
							"size": [1, 0, 4],
							"inflate": 0.6,
							"uv": {
								"north": {"uv": [16, 10], "uv_size": [1, 1]},
								"east": {"uv": [16, 10], "uv_size": [1, 1]},
								"south": {"uv": [16, 10], "uv_size": [1, 1]},
								"west": {"uv": [16, 10], "uv_size": [1, 1]},
								"up": {"uv": [17, 11], "uv_size": [-1, -1]},
								"down": {"uv": [17, 11], "uv_size": [-1, -1]}
							}
						},
						{
							"origin": [-2, 17, -2],
							"size": [1, 1, 0],
							"inflate": 0.6,
							"uv": {
								"north": {"uv": [16, 10], "uv_size": [1, 1]},
								"east": {"uv": [16, 10], "uv_size": [1, 1]},
								"south": {"uv": [16, 10], "uv_size": [1, 1]},
								"west": {"uv": [16, 10], "uv_size": [1, 1]},
								"up": {"uv": [17, 11], "uv_size": [-1, -1]},
								"down": {"uv": [17, 11], "uv_size": [-1, -1]}
							}
						},
						{
							"origin": [1, 17, -2],
							"size": [1, 1, 0],
							"inflate": 0.6,
							"uv": {
								"north": {"uv": [16, 10], "uv_size": [1, 1]},
								"east": {"uv": [16, 10], "uv_size": [1, 1]},
								"south": {"uv": [16, 10], "uv_size": [1, 1]},
								"west": {"uv": [16, 10], "uv_size": [1, 1]},
								"up": {"uv": [17, 11], "uv_size": [-1, -1]},
								"down": {"uv": [17, 11], "uv_size": [-1, -1]}
							}
						},
						{
							"origin": [2, 17, -2],
							"size": [1, 2, 0],
							"inflate": 0.6,
							"uv": {
								"north": {"uv": [16, 10], "uv_size": [1, 1]},
								"east": {"uv": [16, 10], "uv_size": [1, 1]},
								"south": {"uv": [16, 10], "uv_size": [1, 1]},
								"west": {"uv": [16, 10], "uv_size": [1, 1]},
								"up": {"uv": [17, 11], "uv_size": [-1, -1]},
								"down": {"uv": [17, 11], "uv_size": [-1, -1]}
							}
						},
						{
							"origin": [-3, 17, -2],
							"size": [1, 2, 0],
							"inflate": 0.6,
							"uv": {
								"north": {"uv": [16, 10], "uv_size": [1, 1]},
								"east": {"uv": [16, 10], "uv_size": [1, 1]},
								"south": {"uv": [16, 10], "uv_size": [1, 1]},
								"west": {"uv": [16, 10], "uv_size": [1, 1]},
								"up": {"uv": [17, 11], "uv_size": [-1, -1]},
								"down": {"uv": [17, 11], "uv_size": [-1, -1]}
							}
						},
						{
							"origin": [3, 19, -2],
							"size": [1, 5, 0],
							"inflate": 0.6,
							"uv": {
								"north": {"uv": [16, 10], "uv_size": [1, 1]},
								"east": {"uv": [16, 10], "uv_size": [1, 1]},
								"south": {"uv": [16, 10], "uv_size": [1, 1]},
								"west": {"uv": [16, 10], "uv_size": [1, 1]},
								"up": {"uv": [17, 11], "uv_size": [-1, -1]},
								"down": {"uv": [17, 11], "uv_size": [-1, -1]}
							}
						},
						{
							"origin": [-4, 19, -2],
							"size": [1, 5, 0],
							"inflate": 0.6,
							"uv": {
								"north": {"uv": [16, 10], "uv_size": [1, 1]},
								"east": {"uv": [16, 10], "uv_size": [1, 1]},
								"south": {"uv": [16, 10], "uv_size": [1, 1]},
								"west": {"uv": [16, 10], "uv_size": [1, 1]},
								"up": {"uv": [17, 11], "uv_size": [-1, -1]},
								"down": {"uv": [17, 11], "uv_size": [-1, -1]}
							}
						},
						{
							"origin": [-3, 20, -2],
							"size": [1, 4, 0],
							"inflate": 0.6,
							"uv": {
								"north": {"uv": [16, 10], "uv_size": [1, 1]},
								"east": {"uv": [16, 10], "uv_size": [1, 1]},
								"south": {"uv": [16, 10], "uv_size": [1, 1]},
								"west": {"uv": [16, 10], "uv_size": [1, 1]},
								"up": {"uv": [17, 11], "uv_size": [-1, -1]},
								"down": {"uv": [17, 11], "uv_size": [-1, -1]}
							}
						},
						{
							"origin": [-2, 19, -2],
							"size": [1, 4, 0],
							"inflate": 0.6,
							"uv": {
								"north": {"uv": [16, 10], "uv_size": [1, 1]},
								"east": {"uv": [16, 10], "uv_size": [1, 1]},
								"south": {"uv": [16, 10], "uv_size": [1, 1]},
								"west": {"uv": [16, 10], "uv_size": [1, 1]},
								"up": {"uv": [17, 11], "uv_size": [-1, -1]},
								"down": {"uv": [17, 11], "uv_size": [-1, -1]}
							}
						},
						{
							"origin": [2, 20, -2],
							"size": [1, 4, 0],
							"inflate": 0.6,
							"uv": {
								"north": {"uv": [16, 10], "uv_size": [1, 1]},
								"east": {"uv": [16, 10], "uv_size": [1, 1]},
								"south": {"uv": [16, 10], "uv_size": [1, 1]},
								"west": {"uv": [16, 10], "uv_size": [1, 1]},
								"up": {"uv": [17, 11], "uv_size": [-1, -1]},
								"down": {"uv": [17, 11], "uv_size": [-1, -1]}
							}
						},
						{
							"origin": [1, 19, -2],
							"size": [1, 4, 0],
							"inflate": 0.6,
							"uv": {
								"north": {"uv": [16, 10], "uv_size": [1, 1]},
								"east": {"uv": [16, 10], "uv_size": [1, 1]},
								"south": {"uv": [16, 10], "uv_size": [1, 1]},
								"west": {"uv": [16, 10], "uv_size": [1, 1]},
								"up": {"uv": [17, 11], "uv_size": [-1, -1]},
								"down": {"uv": [17, 11], "uv_size": [-1, -1]}
							}
						},
						{
							"origin": [-1, 18, -2],
							"size": [2, 4, 0],
							"inflate": 0.6,
							"uv": {
								"north": {"uv": [16, 10], "uv_size": [1, 1]},
								"east": {"uv": [16, 10], "uv_size": [1, 1]},
								"south": {"uv": [16, 10], "uv_size": [1, 1]},
								"west": {"uv": [16, 10], "uv_size": [1, 1]},
								"up": {"uv": [17, 11], "uv_size": [-1, -1]},
								"down": {"uv": [17, 11], "uv_size": [-1, -1]}
							}
						},
						{
							"origin": [-4, 23, -2],
							"size": [0, 1, 4],
							"inflate": 0.6,
							"uv": {
								"north": {"uv": [16, 10], "uv_size": [1, 1]},
								"east": {"uv": [16, 10], "uv_size": [1, 1]},
								"south": {"uv": [16, 10], "uv_size": [1, 1]},
								"west": {"uv": [16, 10], "uv_size": [1, 1]},
								"up": {"uv": [17, 11], "uv_size": [-1, -1]},
								"down": {"uv": [17, 11], "uv_size": [-1, -1]}
							}
						},
						{
							"origin": [-4, 21, -2],
							"size": [0, 1, 4],
							"inflate": 0.6,
							"uv": {
								"north": {"uv": [16, 10], "uv_size": [1, 1]},
								"east": {"uv": [16, 10], "uv_size": [1, 1]},
								"south": {"uv": [16, 10], "uv_size": [1, 1]},
								"west": {"uv": [16, 10], "uv_size": [1, 1]},
								"up": {"uv": [17, 11], "uv_size": [-1, -1]},
								"down": {"uv": [17, 11], "uv_size": [-1, -1]}
							}
						},
						{
							"origin": [-4, 19, -2],
							"size": [0, 1, 4],
							"inflate": 0.6,
							"uv": {
								"north": {"uv": [16, 10], "uv_size": [1, 1]},
								"east": {"uv": [16, 10], "uv_size": [1, 1]},
								"south": {"uv": [16, 10], "uv_size": [1, 1]},
								"west": {"uv": [16, 10], "uv_size": [1, 1]},
								"up": {"uv": [17, 11], "uv_size": [-1, -1]},
								"down": {"uv": [17, 11], "uv_size": [-1, -1]}
							}
						},
						{
							"origin": [4, 23, -2],
							"size": [0, 1, 4],
							"inflate": 0.6,
							"uv": {
								"north": {"uv": [16, 10], "uv_size": [1, 1]},
								"east": {"uv": [16, 10], "uv_size": [1, 1]},
								"south": {"uv": [16, 10], "uv_size": [1, 1]},
								"west": {"uv": [16, 10], "uv_size": [1, 1]},
								"up": {"uv": [17, 11], "uv_size": [-1, -1]},
								"down": {"uv": [17, 11], "uv_size": [-1, -1]}
							}
						},
						{
							"origin": [4, 21, -2],
							"size": [0, 1, 4],
							"inflate": 0.6,
							"uv": {
								"north": {"uv": [16, 10], "uv_size": [1, 1]},
								"east": {"uv": [16, 10], "uv_size": [1, 1]},
								"south": {"uv": [16, 10], "uv_size": [1, 1]},
								"west": {"uv": [16, 10], "uv_size": [1, 1]},
								"up": {"uv": [17, 11], "uv_size": [-1, -1]},
								"down": {"uv": [17, 11], "uv_size": [-1, -1]}
							}
						},
						{
							"origin": [4, 19, -2],
							"size": [0, 1, 4],
							"inflate": 0.6,
							"uv": {
								"north": {"uv": [16, 10], "uv_size": [1, 1]},
								"east": {"uv": [16, 10], "uv_size": [1, 1]},
								"south": {"uv": [16, 10], "uv_size": [1, 1]},
								"west": {"uv": [16, 10], "uv_size": [1, 1]},
								"up": {"uv": [17, 11], "uv_size": [-1, -1]},
								"down": {"uv": [17, 11], "uv_size": [-1, -1]}
							}
						},
						{
							"origin": [-4, 19, 2],
							"size": [8, 1, 0],
							"inflate": 0.6,
							"uv": {
								"north": {"uv": [16, 10], "uv_size": [1, 1]},
								"east": {"uv": [16, 10], "uv_size": [1, 1]},
								"south": {"uv": [16, 10], "uv_size": [1, 1]},
								"west": {"uv": [16, 10], "uv_size": [1, 1]},
								"up": {"uv": [17, 11], "uv_size": [-1, -1]},
								"down": {"uv": [17, 11], "uv_size": [-1, -1]}
							}
						},
						{
							"origin": [-4, 21, 2],
							"size": [8, 1, 0],
							"inflate": 0.6,
							"uv": {
								"north": {"uv": [16, 10], "uv_size": [1, 1]},
								"east": {"uv": [16, 10], "uv_size": [1, 1]},
								"south": {"uv": [16, 10], "uv_size": [1, 1]},
								"west": {"uv": [16, 10], "uv_size": [1, 1]},
								"up": {"uv": [17, 11], "uv_size": [-1, -1]},
								"down": {"uv": [17, 11], "uv_size": [-1, -1]}
							}
						},
						{
							"origin": [-4, 23, 2],
							"size": [8, 1, 0],
							"inflate": 0.6,
							"uv": {
								"north": {"uv": [16, 10], "uv_size": [1, 1]},
								"east": {"uv": [16, 10], "uv_size": [1, 1]},
								"south": {"uv": [16, 10], "uv_size": [1, 1]},
								"west": {"uv": [16, 10], "uv_size": [1, 1]},
								"up": {"uv": [17, 11], "uv_size": [-1, -1]},
								"down": {"uv": [17, 11], "uv_size": [-1, -1]}
							}
						},
						{
							"origin": [-1, 12, 2],
							"size": [2, 12, 0],
							"inflate": 0.6,
							"uv": {
								"north": {"uv": [16, 10], "uv_size": [1, 1]},
								"east": {"uv": [16, 10], "uv_size": [1, 1]},
								"south": {"uv": [16, 10], "uv_size": [1, 1]},
								"west": {"uv": [16, 10], "uv_size": [1, 1]},
								"up": {"uv": [17, 11], "uv_size": [-1, -1]},
								"down": {"uv": [17, 11], "uv_size": [-1, -1]}
							}
						},
						{
							"origin": [-4, 12, -2],
							"size": [8, 2, 0],
							"inflate": 0.6,
							"uv": {
								"north": {"uv": [16, 10], "uv_size": [1, 1]},
								"east": {"uv": [16, 10], "uv_size": [1, 1]},
								"south": {"uv": [16, 10], "uv_size": [1, 1]},
								"west": {"uv": [16, 10], "uv_size": [1, 1]},
								"up": {"uv": [17, 11], "uv_size": [-1, -1]},
								"down": {"uv": [17, 11], "uv_size": [-1, -1]}
							}
						},
						{
							"origin": [-4, 12, 2],
							"size": [8, 2, 0],
							"inflate": 0.6,
							"uv": {
								"north": {"uv": [16, 10], "uv_size": [1, 1]},
								"east": {"uv": [16, 10], "uv_size": [1, 1]},
								"south": {"uv": [16, 10], "uv_size": [1, 1]},
								"west": {"uv": [16, 10], "uv_size": [1, 1]},
								"up": {"uv": [17, 11], "uv_size": [-1, -1]},
								"down": {"uv": [17, 11], "uv_size": [-1, -1]}
							}
						},
						{
							"origin": [4, 12, -2],
							"size": [0, 2, 4],
							"inflate": 0.6,
							"uv": {
								"north": {"uv": [16, 10], "uv_size": [1, 1]},
								"east": {"uv": [16, 10], "uv_size": [1, 1]},
								"south": {"uv": [16, 10], "uv_size": [1, 1]},
								"west": {"uv": [16, 10], "uv_size": [1, 1]},
								"up": {"uv": [17, 11], "uv_size": [-1, -1]},
								"down": {"uv": [17, 11], "uv_size": [-1, -1]}
							}
						},
						{
							"origin": [3, 12, -2],
							"size": [1, 0, 4],
							"inflate": 0.6,
							"uv": {
								"north": {"uv": [16, 10], "uv_size": [1, 1]},
								"east": {"uv": [16, 10], "uv_size": [1, 1]},
								"south": {"uv": [16, 10], "uv_size": [1, 1]},
								"west": {"uv": [16, 10], "uv_size": [1, 1]},
								"up": {"uv": [17, 11], "uv_size": [-1, -1]},
								"down": {"uv": [17, 11], "uv_size": [-1, -1]}
							}
						},
						{
							"origin": [-4, 12, -2],
							"size": [0, 2, 4],
							"inflate": 0.6,
							"uv": {
								"north": {"uv": [16, 10], "uv_size": [1, 1]},
								"east": {"uv": [16, 10], "uv_size": [1, 1]},
								"south": {"uv": [16, 10], "uv_size": [1, 1]},
								"west": {"uv": [16, 10], "uv_size": [1, 1]},
								"up": {"uv": [17, 11], "uv_size": [-1, -1]},
								"down": {"uv": [17, 11], "uv_size": [-1, -1]}
							}
						}
					]
				},
				{
					"name": "head",
					"parent": "body",
					"pivot": [0, 24, 0],
					"cubes": [
						{
							"origin": [-4, 24, -4],
							"size": [8, 8, 8],
							"inflate": 0.6,
							"uv": {
								"north": {"uv": [16, 10], "uv_size": [1, 1]},
								"east": {"uv": [16, 10], "uv_size": [1, 1]},
								"south": {"uv": [16, 10], "uv_size": [1, 1]},
								"west": {"uv": [16, 10], "uv_size": [1, 1]},
								"up": {"uv": [17, 11], "uv_size": [-1, -1]},
								"down": {"uv": [17, 11], "uv_size": [-1, -1]}
							}
						}
					]
				},
				{
					"name": "hat",
					"parent": "head",
					"pivot": [0, 24, 0]
				},
				{
					"name": "rightArm",
					"parent": "body",
					"pivot": [-5, 22, 0],
					"cubes": [
						{
							"origin": [-6, 12, -1],
							"size": [2, 12, 2],
							"inflate": 0.6,
							"uv": {
								"north": {"uv": [16, 10], "uv_size": [1, 1]},
								"east": {"uv": [16, 10], "uv_size": [1, 1]},
								"south": {"uv": [16, 10], "uv_size": [1, 1]},
								"west": {"uv": [16, 10], "uv_size": [1, 1]},
								"up": {"uv": [17, 11], "uv_size": [-1, -1]},
								"down": {"uv": [17, 11], "uv_size": [-1, -1]}
							}
						}
					]
				},
				{
					"name": "rightItem",
					"parent": "rightArm",
					"pivot": [-5, 15, 1]
				},
				{
					"name": "leftArm",
					"parent": "body",
					"pivot": [5, 22, 0],
					"cubes": [
						{
							"origin": [4, 12, -1],
							"size": [2, 12, 2],
							"inflate": 0.6,
							"uv": {
								"north": {"uv": [16, 10], "uv_size": [1, 1]},
								"east": {"uv": [16, 10], "uv_size": [1, 1]},
								"south": {"uv": [16, 10], "uv_size": [1, 1]},
								"west": {"uv": [16, 10], "uv_size": [1, 1]},
								"up": {"uv": [17, 11], "uv_size": [-1, -1]},
								"down": {"uv": [17, 11], "uv_size": [-1, -1]}
							}
						}
					]
				},
				{
					"name": "leftItem",
					"parent": "leftArm",
					"pivot": [6, 15, 1]
				},
				{
					"name": "rightLeg",
					"parent": "body",
					"pivot": [-2, 12, 0],
					"cubes": [
						{
							"origin": [-3, 0, -1],
							"size": [2, 12, 2],
							"inflate": 0.6,
							"uv": {
								"north": {"uv": [16, 10], "uv_size": [1, 1]},
								"east": {"uv": [16, 10], "uv_size": [1, 1]},
								"south": {"uv": [16, 10], "uv_size": [1, 1]},
								"west": {"uv": [16, 10], "uv_size": [1, 1]},
								"up": {"uv": [17, 11], "uv_size": [-1, -1]},
								"down": {"uv": [17, 11], "uv_size": [-1, -1]}
							}
						}
					]
				},
				{
					"name": "leftLeg",
					"parent": "body",
					"pivot": [2, 12, 0],
					"cubes": [
						{
							"origin": [1, 0, -1],
							"size": [2, 12, 2],
							"inflate": 0.6,
							"uv": {
								"north": {"uv": [16, 10], "uv_size": [1, 1]},
								"east": {"uv": [16, 10], "uv_size": [1, 1]},
								"south": {"uv": [16, 10], "uv_size": [1, 1]},
								"west": {"uv": [16, 10], "uv_size": [1, 1]},
								"up": {"uv": [17, 11], "uv_size": [-1, -1]},
								"down": {"uv": [17, 11], "uv_size": [-1, -1]}
							}
						}
					]
				}
			]
		}
	]
}