{
	"format_version": "1.12.0",
	"minecraft:geometry": [
		{
			"description": {
				"identifier": "geometry.zoglin_glow",
				"texture_width": 128,
				"texture_height": 64,
				"visible_bounds_width": 4,
				"visible_bounds_height": 3,
				"visible_bounds_offset": [0, 1.5, 0]
			},
			"bones": [
				{
					"name": "body",
					"pivot": [0, 19, -3],
					"cubes": [
						{
							"origin": [-8, 11, -7],
							"size": [16, 14, 26],
							"inflate": 0.62,
							"uv": {
								"north": {"uv": [27, 27], "uv_size": [16, 14]},
								"east": {"uv": [1, 27], "uv_size": [26, 14]},
								"south": {"uv": [69, 27], "uv_size": [16, 14]},
								"west": {"uv": [43, 27], "uv_size": [26, 14]},
								"up": {"uv": [27, 1], "uv_size": [16, 26]},
								"down": {"uv": [43, 27], "uv_size": [16, -26]}
							}
						}
					],
					"locators": {
						"lead": [0, 20, -5]
					}
				},
				{
					"name": "head",
					"parent": "body",
					"pivot": [0, 22, -5],
					"rotation": [50, 0, 0],
					"cubes": [
						{
							"origin": [-7, 21, -24],
							"size": [14, 6, 19],
							"inflate": 0.6,
							"uv": {
								"north": {"uv": [80, 20], "uv_size": [14, 6]},
								"east": {"uv": [61, 20], "uv_size": [19, 6]},
								"south": {"uv": [113, 20], "uv_size": [14, 6]},
								"west": {"uv": [94, 20], "uv_size": [19, 6]},
								"up": {"uv": [80, 1], "uv_size": [14, 19]},
								"down": {"uv": [94, 20], "uv_size": [14, -19]}
							}
						},
						{
							"origin": [-8, 22, -19],
							"size": [2, 11, 2],
							"inflate": 0.6,
							"uv": {
								"north": {"uv": [3, 15], "uv_size": [2, 11]},
								"east": {"uv": [1, 15], "uv_size": [2, 11]},
								"south": {"uv": [7, 15], "uv_size": [2, 11]},
								"west": {"uv": [5, 15], "uv_size": [2, 11]},
								"up": {"uv": [3, 13], "uv_size": [2, 2]},
								"down": {"uv": [5, 15], "uv_size": [2, -2]}
							}
						},
						{
							"origin": [6, 22, -19],
							"size": [2, 11, 2],
							"inflate": 0.6,
							"uv": {
								"north": {"uv": [3, 15], "uv_size": [2, 11]},
								"east": {"uv": [1, 15], "uv_size": [2, 11]},
								"south": {"uv": [7, 15], "uv_size": [2, 11]},
								"west": {"uv": [5, 15], "uv_size": [2, 11]},
								"up": {"uv": [3, 13], "uv_size": [2, 2]},
								"down": {"uv": [5, 15], "uv_size": [2, -2]}
							}
						}
					]
				},
				{
					"name": "right_ear",
					"parent": "head",
					"pivot": [-7, 27, -7],
					"rotation": [0, 0, -50],
					"cubes": [
						{
							"origin": [-13, 26, -10],
							"size": [6, 1, 4],
							"inflate": 0.6,
							"uv": {
								"north": {"uv": [5, 5], "uv_size": [6, 1]},
								"east": {"uv": [1, 5], "uv_size": [4, 1]},
								"south": {"uv": [15, 5], "uv_size": [6, 1]},
								"west": {"uv": [11, 5], "uv_size": [4, 1]},
								"up": {"uv": [5, 1], "uv_size": [6, 4]},
								"down": {"uv": [11, 5], "uv_size": [6, -4]}
							}
						}
					]
				},
				{
					"name": "left_ear",
					"parent": "head",
					"pivot": [7, 27, -7],
					"rotation": [0, 0, 50],
					"cubes": [
						{
							"origin": [7, 26, -10],
							"size": [6, 1, 4],
							"inflate": 0.6,
							"uv": {
								"north": {"uv": [5, 10], "uv_size": [6, 1]},
								"east": {"uv": [1, 10], "uv_size": [4, 1]},
								"south": {"uv": [15, 10], "uv_size": [6, 1]},
								"west": {"uv": [11, 10], "uv_size": [4, 1]},
								"up": {"uv": [5, 6], "uv_size": [6, 4]},
								"down": {"uv": [11, 10], "uv_size": [6, -4]}
							}
						}
					]
				},
				{
					"name": "leg_back_right",
					"pivot": [6, 8, 17],
					"cubes": [
						{
							"origin": [-8, 0, 13],
							"size": [5, 0, 5],
							"inflate": 0.6,
							"uv": {
								"north": {"uv": [26, 50], "uv_size": [5, 11]},
								"east": {"uv": [21, 50], "uv_size": [5, 11]},
								"south": {"uv": [36, 50], "uv_size": [5, 11]},
								"west": {"uv": [31, 50], "uv_size": [5, 11]},
								"up": {"uv": [26, 45], "uv_size": [5, 5]},
								"down": {"uv": [31, 50], "uv_size": [5, -5]}
							}
						},
						{
							"origin": [-8, 0, 13],
							"size": [5, 1, 0],
							"inflate": 0.6,
							"uv": {
								"north": {"uv": [26, 60], "uv_size": [5, 1]},
								"east": {"uv": [21, 60], "uv_size": [5, 1]},
								"south": {"uv": [36, 60], "uv_size": [5, 1]},
								"west": {"uv": [31, 60], "uv_size": [5, 1]},
								"up": {"uv": [26, 45], "uv_size": [5, 5]},
								"down": {"uv": [31, 50], "uv_size": [5, -5]}
							}
						},
						{
							"origin": [-8, 1, 13],
							"size": [3, 2, 0],
							"inflate": 0.6,
							"uv": {
								"north": {"uv": [26, 58], "uv_size": [3, 2]},
								"east": {"uv": [21, 58], "uv_size": [5, 2]},
								"south": {"uv": [38, 58], "uv_size": [3, 2]},
								"west": {"uv": [31, 58], "uv_size": [5, 2]},
								"up": {"uv": [26, 45], "uv_size": [3, 5]},
								"down": {"uv": [31, 50], "uv_size": [3, -5]}
							}
						},
						{
							"origin": [-8, 3, 13],
							"size": [1, 1, 0],
							"inflate": 0.6,
							"uv": {
								"north": {"uv": [26, 57], "uv_size": [1, 1]},
								"east": {"uv": [21, 57], "uv_size": [5, 1]},
								"south": {"uv": [40, 57], "uv_size": [1, 1]},
								"west": {"uv": [31, 57], "uv_size": [5, 1]},
								"up": {"uv": [26, 45], "uv_size": [1, 5]},
								"down": {"uv": [31, 50], "uv_size": [1, -5]}
							}
						},
						{
							"origin": [-8, 5, 13],
							"size": [3, 1, 0],
							"inflate": 0.6,
							"uv": {
								"north": {"uv": [26, 55], "uv_size": [3, 1]},
								"east": {"uv": [21, 55], "uv_size": [5, 1]},
								"south": {"uv": [38, 55], "uv_size": [3, 1]},
								"west": {"uv": [31, 55], "uv_size": [5, 1]},
								"up": {"uv": [26, 45], "uv_size": [3, 5]},
								"down": {"uv": [31, 50], "uv_size": [3, -5]}
							}
						},
						{
							"origin": [-4, 7, 13],
							"size": [1, 1, 0],
							"inflate": 0.6,
							"uv": {
								"north": {"uv": [30, 53], "uv_size": [1, 1]},
								"east": {"uv": [21, 53], "uv_size": [5, 1]},
								"south": {"uv": [36, 53], "uv_size": [1, 1]},
								"west": {"uv": [31, 53], "uv_size": [5, 1]},
								"up": {"uv": [30, 45], "uv_size": [1, 5]},
								"down": {"uv": [35, 50], "uv_size": [1, -5]}
							}
						},
						{
							"origin": [-8, 6, 13],
							"size": [4, 2, 0],
							"inflate": 0.6,
							"uv": {
								"north": {"uv": [26, 53], "uv_size": [4, 2]},
								"east": {"uv": [21, 53], "uv_size": [5, 2]},
								"south": {"uv": [37, 53], "uv_size": [4, 2]},
								"west": {"uv": [31, 53], "uv_size": [5, 2]},
								"up": {"uv": [26, 45], "uv_size": [4, 5]},
								"down": {"uv": [31, 50], "uv_size": [4, -5]}
							}
						},
						{
							"origin": [-6, 8, 13],
							"size": [1, 1, 0],
							"inflate": 0.6,
							"uv": {
								"north": {"uv": [28, 52], "uv_size": [1, 1]},
								"east": {"uv": [21, 52], "uv_size": [5, 1]},
								"south": {"uv": [38, 52], "uv_size": [1, 1]},
								"west": {"uv": [31, 52], "uv_size": [5, 1]},
								"up": {"uv": [28, 45], "uv_size": [1, 5]},
								"down": {"uv": [33, 50], "uv_size": [1, -5]}
							}
						},
						{
							"origin": [-8, 8, 13],
							"size": [2, 3, 0],
							"inflate": 0.6,
							"uv": {
								"north": {"uv": [26, 50], "uv_size": [2, 3]},
								"east": {"uv": [21, 50], "uv_size": [5, 3]},
								"south": {"uv": [39, 50], "uv_size": [2, 3]},
								"west": {"uv": [31, 50], "uv_size": [5, 3]},
								"up": {"uv": [26, 45], "uv_size": [2, 5]},
								"down": {"uv": [31, 50], "uv_size": [2, -5]}
							}
						},
						{
							"origin": [-8, 0, 18],
							"size": [5, 1, 0],
							"inflate": 0.6,
							"uv": {
								"north": {"uv": [26, 60], "uv_size": [5, 1]},
								"east": {"uv": [21, 60], "uv_size": [5, 1]},
								"south": {"uv": [36, 60], "uv_size": [5, 1]},
								"west": {"uv": [31, 60], "uv_size": [5, 1]},
								"up": {"uv": [26, 45], "uv_size": [5, 5]},
								"down": {"uv": [31, 50], "uv_size": [5, -5]}
							}
						},
						{
							"origin": [-8, 1, 18],
							"size": [3, 1, 0],
							"inflate": 0.6,
							"uv": {
								"north": {"uv": [26, 59], "uv_size": [3, 1]},
								"east": {"uv": [21, 59], "uv_size": [5, 1]},
								"south": {"uv": [38, 59], "uv_size": [3, 1]},
								"west": {"uv": [31, 59], "uv_size": [5, 1]},
								"up": {"uv": [26, 45], "uv_size": [3, 5]},
								"down": {"uv": [31, 50], "uv_size": [3, -5]}
							}
						},
						{
							"origin": [-8, 2, 18],
							"size": [1, 1, 0],
							"inflate": 0.6,
							"uv": {
								"north": {"uv": [26, 58], "uv_size": [1, 1]},
								"east": {"uv": [21, 58], "uv_size": [5, 1]},
								"south": {"uv": [40, 58], "uv_size": [1, 1]},
								"west": {"uv": [31, 58], "uv_size": [5, 1]},
								"up": {"uv": [26, 45], "uv_size": [1, 5]},
								"down": {"uv": [31, 50], "uv_size": [1, -5]}
							}
						},
						{
							"origin": [-6, 9, 18],
							"size": [2, 2, 0],
							"inflate": 0.6,
							"uv": {
								"north": {"uv": [28, 50], "uv_size": [2, 2]},
								"east": {"uv": [21, 50], "uv_size": [5, 2]},
								"south": {"uv": [37, 50], "uv_size": [2, 2]},
								"west": {"uv": [31, 50], "uv_size": [5, 2]},
								"up": {"uv": [28, 45], "uv_size": [2, 5]},
								"down": {"uv": [33, 50], "uv_size": [2, -5]}
							}
						},
						{
							"origin": [-8, 8, 18],
							"size": [2, 3, 0],
							"inflate": 0.6,
							"uv": {
								"north": {"uv": [26, 50], "uv_size": [2, 3]},
								"east": {"uv": [21, 50], "uv_size": [5, 3]},
								"south": {"uv": [39, 50], "uv_size": [2, 3]},
								"west": {"uv": [31, 50], "uv_size": [5, 3]},
								"up": {"uv": [26, 45], "uv_size": [2, 5]},
								"down": {"uv": [31, 50], "uv_size": [2, -5]}
							}
						},
						{
							"origin": [-8, 0, 13],
							"size": [0, 4, 5],
							"inflate": 0.6,
							"uv": {
								"north": {"uv": [26, 57], "uv_size": [5, 4]},
								"east": {"uv": [21, 57], "uv_size": [5, 4]},
								"south": {"uv": [36, 57], "uv_size": [5, 4]},
								"west": {"uv": [31, 57], "uv_size": [5, 4]},
								"up": {"uv": [26, 45], "uv_size": [5, 5]},
								"down": {"uv": [31, 50], "uv_size": [5, -5]}
							}
						},
						{
							"origin": [-8, 4, 13],
							"size": [0, 4, 3],
							"inflate": 0.6,
							"uv": {
								"north": {"uv": [26, 53], "uv_size": [5, 4]},
								"east": {"uv": [23, 53], "uv_size": [3, 4]},
								"south": {"uv": [36, 53], "uv_size": [5, 4]},
								"west": {"uv": [31, 53], "uv_size": [3, 4]},
								"up": {"uv": [26, 47], "uv_size": [5, 3]},
								"down": {"uv": [31, 50], "uv_size": [5, -3]}
							}
						},
						{
							"origin": [-8, 4, 16],
							"size": [0, 1, 1],
							"inflate": 0.6,
							"uv": {
								"north": {"uv": [26, 56], "uv_size": [5, 1]},
								"east": {"uv": [22, 56], "uv_size": [1, 1]},
								"south": {"uv": [36, 56], "uv_size": [5, 1]},
								"west": {"uv": [34, 56], "uv_size": [1, 1]},
								"up": {"uv": [26, 46], "uv_size": [5, 1]},
								"down": {"uv": [31, 47], "uv_size": [5, -1]}
							}
						},
						{
							"origin": [-8, 8, 13],
							"size": [0, 3, 5],
							"inflate": 0.6,
							"uv": {
								"north": {"uv": [26, 50], "uv_size": [5, 3]},
								"east": {"uv": [21, 50], "uv_size": [5, 3]},
								"south": {"uv": [36, 50], "uv_size": [5, 3]},
								"west": {"uv": [31, 50], "uv_size": [5, 3]},
								"up": {"uv": [26, 45], "uv_size": [5, 5]},
								"down": {"uv": [31, 50], "uv_size": [5, -5]}
							}
						},
						{
							"origin": [-3, 0, 13],
							"size": [0, 1, 5],
							"inflate": 0.6,
							"uv": {
								"north": {"uv": [26, 60], "uv_size": [5, 1]},
								"east": {"uv": [21, 60], "uv_size": [5, 1]},
								"south": {"uv": [36, 60], "uv_size": [5, 1]},
								"west": {"uv": [31, 60], "uv_size": [5, 1]},
								"up": {"uv": [26, 45], "uv_size": [5, 5]},
								"down": {"uv": [31, 50], "uv_size": [5, -5]}
							}
						},
						{
							"origin": [-3, 7, 13],
							"size": [0, 2, 2],
							"inflate": 0.6,
							"uv": {
								"north": {"uv": [26, 52], "uv_size": [5, 2]},
								"east": {"uv": [24, 52], "uv_size": [2, 2]},
								"south": {"uv": [36, 52], "uv_size": [5, 2]},
								"west": {"uv": [31, 52], "uv_size": [2, 2]},
								"up": {"uv": [26, 48], "uv_size": [5, 2]},
								"down": {"uv": [31, 50], "uv_size": [5, -2]}
							}
						},
						{
							"origin": [-3, 8, 15],
							"size": [0, 1, 1],
							"inflate": 0.6,
							"uv": {
								"north": {"uv": [26, 52], "uv_size": [5, 1]},
								"east": {"uv": [23, 52], "uv_size": [1, 1]},
								"south": {"uv": [36, 52], "uv_size": [5, 1]},
								"west": {"uv": [33, 52], "uv_size": [1, 1]},
								"up": {"uv": [26, 47], "uv_size": [5, 1]},
								"down": {"uv": [31, 48], "uv_size": [5, -1]}
							}
						},
						{
							"origin": [-3, 9, 14],
							"size": [0, 2, 3],
							"inflate": 0.6,
							"uv": {
								"north": {"uv": [26, 50], "uv_size": [5, 2]},
								"east": {"uv": [22, 50], "uv_size": [3, 2]},
								"south": {"uv": [36, 50], "uv_size": [5, 2]},
								"west": {"uv": [32, 50], "uv_size": [3, 2]},
								"up": {"uv": [26, 46], "uv_size": [5, 3]},
								"down": {"uv": [31, 49], "uv_size": [5, -3]}
							}
						}
					]
				},
				{
					"name": "leg_back_left",
					"pivot": [-6, 8, 17],
					"cubes": [
						{
							"origin": [3, 0, 13],
							"size": [5, 11, 5],
							"inflate": 0.6,
							"uv": {
								"north": {"uv": [5, 50], "uv_size": [5, 11]},
								"east": {"uv": [0, 50], "uv_size": [5, 11]},
								"south": {"uv": [15, 50], "uv_size": [5, 11]},
								"west": {"uv": [10, 50], "uv_size": [5, 11]},
								"up": {"uv": [5, 45], "uv_size": [5, 5]},
								"down": {"uv": [10, 50], "uv_size": [5, -5]}
							}
						}
					]
				},
				{
					"name": "leg_front_right",
					"pivot": [-6, 12, -3],
					"cubes": [
						{
							"origin": [-8, 0, -6],
							"size": [6, 14, 6],
							"inflate": 0.6,
							"uv": {
								"north": {"uv": [72, 48], "uv_size": [6, 14]},
								"east": {"uv": [66, 48], "uv_size": [6, 14]},
								"south": {"uv": [84, 48], "uv_size": [6, 14]},
								"west": {"uv": [78, 48], "uv_size": [6, 14]},
								"up": {"uv": [72, 42], "uv_size": [6, 6]},
								"down": {"uv": [78, 48], "uv_size": [6, -6]}
							}
						}
					]
				},
				{
					"name": "leg_front_left",
					"pivot": [6, 12, -3],
					"cubes": [
						{
							"origin": [2, 0, -6],
							"size": [6, 14, 6],
							"inflate": 0.6,
							"uv": {
								"north": {"uv": [47, 48], "uv_size": [6, 14]},
								"east": {"uv": [41, 48], "uv_size": [6, 14]},
								"south": {"uv": [59, 48], "uv_size": [6, 14]},
								"west": {"uv": [53, 48], "uv_size": [6, 14]},
								"up": {"uv": [47, 42], "uv_size": [6, 6]},
								"down": {"uv": [53, 48], "uv_size": [6, -6]}
							}
						}
					]
				}
			]
		}
	]
}