{
  "format_version": "1.12.0",
  "minecraft:geometry": [
		{
			"description": {
				"identifier": "geometry.zombie",
        "texture_width": 64,
        "texture_height": 32,
        "visible_bounds_width": 2,
        "visible_bounds_height": 2,
        "visible_bounds_offset": [ 0, 1, 0 ]
      },
      "bones": [
        {
          "name": "body",
          "pivot": [ 0.0, 24.0, 0.0 ],
          "cubes": [
            {
              "origin": [ -4.0, 12.0, -2.0 ],
              "size": [ 8, 12, 4 ],
              "uv": [ 16, 16 ]
            }
          ],
          "parent": "waist"
        },

        {
          "name": "waist",
          "neverRender": true,
          "pivot": [ 0.0, 12.0, 0.0 ]
        },

        {
          "name": "head",
          "pivot": [ 0.0, 24.0, 0.0 ],
          "cubes": [
            {
              "origin": [ -4.0, 24.0, -4.0 ],
              "size": [ 8, 8, 8 ],
              "uv": [ 0, 0 ]
            }
          ],
          "parent": "body"
        },

        {
          "name": "hat",
          "pivot": [ 0.0, 24.0, 0.0 ],
          "cubes": [
            {
              "origin": [ -4.0, 24.0, -4.0 ],
              "size": [ 8, 8, 8 ],
              "uv": [ 32, 0 ],
              "inflate": 0.5
            }
          ],
          "neverRender": true,
          "parent": "head"
        },

        {
          "name": "rightArm",
          "pivot": [ -5.0, 22.0, 0.0 ],
          "cubes": [
            {
              "origin": [ -8.0, 12.0, -2.0 ],
              "size": [ 4, 12, 4 ],
              "uv": [ 40, 16 ]
            }
          ],
          "parent": "body"
        },

        {
          "name": "rightItem",
          "pivot": [ -6, 15, 1 ],
          "neverRender": true,
          "parent": "rightArm"
        },

        {
          "name": "leftArm",
          "pivot": [ 5.0, 22.0, 0.0 ],
          "cubes": [
            {
              "origin": [ 4.0, 12.0, -2.0 ],
              "size": [ 4, 12, 4 ],
              "uv": [ 40, 16 ]
            }
          ],
          "mirror": true,
          "parent": "body"
        },
        {
          "name": "leftItem",
          "pivot": [ 6.0, 15.0, 1.0 ],
          "neverRender": true,
          "parent": "leftArm"
        },

        {
          "name": "rightLeg",
          "pivot": [ -1.9, 12.0, 0.0 ],
          "cubes": [
            {
              "origin": [ -3.9, 0.0, -2.0 ],
              "size": [ 4, 12, 4 ],
              "uv": [ 0, 16 ]
            }
          ],
          "parent": "body"
        },

        {
          "name": "leftLeg",
          "pivot": [ 1.9, 12.0, 0.0 ],
          "cubes": [
            {
              "origin": [ -0.1, 0.0, -2.0 ],
              "size": [ 4, 12, 4 ],
              "uv": [ 0, 16 ]
            }
          ],
          "mirror": true,
          "parent": "body"
        }
      ]
    }
  ]
}