{
	"format_version" : "1.10.0",
	"animation_controllers": {
		"controller.animation.elytra.default": {
			"initial_state": "default",
			"states": {
				"default": {
					"animations": [ "default" ],
					"transitions": [
						{ "gliding": "query.is_gliding" },
						{ "sneaking": "query.is_sneaking" },
						{ "sleeping": "query.is_sleeping" },
						{ "swimming": "query.is_swimming" }
					],
					"blend_transition": 0.1,
					"blend_via_shortest_path": true
				},
				"gliding": {
					"animations": [ "gliding" ],
					"transitions": [
						{ "sleeping": "query.is_sleeping" },
						{ "swimming": "query.is_swimming" },
						{ "default": "!query.is_gliding" }
					],
					"blend_transition": 0.1,
					"blend_via_shortest_path": true
				},
				"sneaking": {
					"animations": [ "sneaking" ],
					"transitions": [
						{ "gliding": "query.is_gliding" },
						{ "sleeping": "query.is_sleeping" },
						{ "swimming": "query.is_swimming" },
						{ "default": "!query.is_sneaking" }
					],
					"blend_transition": 0.1,
					"blend_via_shortest_path": true
				},
				"sleeping": {
					"animations": [ "sleeping" ],
					"transitions": [
						{ "gliding": "query.is_gliding" },
						{ "sneaking": "query.is_sneaking" },
						{ "swimming": "query.is_swimming" },
						{ "default": "!query.is_sleeping" }
					],
					"blend_transition": 0.1,
					"blend_via_shortest_path": true
				},
				"swimming": {
					"animations": [ "swimming" ],
					"transitions": [
						{ "gliding": "query.is_gliding" },
						{ "sneaking": "query.is_sneaking" },
						{ "sleeping": "query.is_sleeping" },
						{ "default": "!query.is_swimming" }
					],
					"blend_transition": 0.1,
					"blend_via_shortest_path": true
				}
			}
		}
	}
}
