{
	"format_version" : "1.10.0",
	"animation_controllers" : {
		"controller.animation.llama.baby" : {
			"initial_state" : "baby",
			"states" : {
				"baby" : {
					"animations" : [
						{
							"baby_transform" : "query.is_baby"
						}
					]
				}
			}
		},
		"controller.animation.llama.move" : {
			"initial_state" : "default",
			"states" : {
				"default" : {
					"animations" : [
						"setup",
						{
							"walk" : "query.modified_move_speed"
						},
						"look_at_target"
					]
				}
			}
		}
	}
}
