{
	"format_version" : "1.10.0",
	"animation_controllers" : {
		"controller.animation.mooshroom.baby" : {
			"initial_state" : "default",
			"states" : {
				"default" : {
					"animations" : [ "baby_transform" ]
				}
			}
		},
		"controller.animation.mooshroom.move" : {
			"initial_state" : "default",
			"states" : {
				"default" : {
					"animations" : [
						{
							"walk" : "query.modified_move_speed"
						},
						"look_at_target"
					]
				}
			}
		},
		"controller.animation.mooshroom.setup" : {
			"initial_state" : "default",
			"states" : {
				"default" : {
					"animations" : [ "setup" ]
				}
			}
		}
	}
}
