{
	"format_version" : "1.10.0",
	"animation_controllers" : {
		"controller.animation.ocelot_v1.0.baby" : {
			"initial_state" : "baby",
			"states" : {
				"baby" : {
					"animations" : [
						{
							"baby_transform" : "query.is_baby"
						}
					]
				}
			}
		},
		"controller.animation.ocelot_v1.0.look_at_target" : {
			"initial_state" : "default",
			"states" : {
				"default" : {
					"animations" : [ "look_at_target" ]
				}
			}
		},
		"controller.animation.ocelot_v1.0.move" : {
			"initial_state" : "sitting",
			"states" : {
				"sitting" : {
					"animations" : [ "sit" ],
					"transitions" : [
						{
							"sneaking" : "variable.state == 0"
						},
						{
							"sprinting" : "variable.state == 1"
						},
						{
							"walking" : "variable.state == 3"
						}
					]
				},
				"sneaking" : {
					"animations" : [ "sneak" ],
					"transitions" : [
						{
							"sprinting" : "variable.state == 1"
						},
						{
							"sitting" : "variable.state == 2"
						},
						{
							"walking" : "variable.state == 3"
						}
					]
				},
				"sprinting" : {
					"animations" : [ "sprint" ],
					"transitions" : [
						{
							"sneaking" : "variable.state == 0"
						},
						{
							"sitting" : "variable.state == 2"
						},
						{
							"walking" : "variable.state == 3"
						}
					]
				},
				"walking" : {
					"animations" : [ "walk" ],
					"transitions" : [
						{
							"sneaking" : "variable.state == 0"
						},
						{
							"sprinting" : "variable.state == 1"
						},
						{
							"sitting" : "variable.state == 2"
						}
					]
				}
			}
		},
		"controller.animation.ocelot_v1.0.setup" : {
			"initial_state" : "default",
			"states" : {
				"default" : {
					"animations" : [ "setup" ]
				}
			}
		}
	}
}
