{
	"format_version" : "1.10.0",
	"animation_controllers" : {
		"controller.animation.polarbear.baby" : {
			"initial_state" : "baby",
			"states" : {
				"baby" : {
					"animations" : [
						{
							"baby_transform" : "query.is_baby"
						}
					]
				}
			}
		},
		"controller.animation.polarbear.move" : {
			"initial_state" : "default",
			"states" : {
				"default" : {
					"animations" : [
						{
							"walk" : "query.modified_move_speed"
						},
						"move",
						"look_at_target"
					]
				}
			}
		}
	}
}
