{
	"format_version" : "1.10.0",
	"animation_controllers" : {
		"controller.animation.turtle.general" : {
			"initial_state" : "default",
			"states" : {
				"default" : {
					"animations" : [ "general" ]
				}
			}
		},
		"controller.animation.turtle.move" : {
			"initial_state" : "default",
			"states" : {
				"default" : {
					"animations" : [ "look_at_target" ],
					"transitions" : [
						{
							"swimming" : "query.is_in_water && !query.is_on_ground"
						},
						{
							"walking" : "!query.is_in_water && query.is_on_ground"
						}
					]
				},
				"swimming" : {
					"animations" : [ "move", "look_at_target" ],
					"transitions" : [
						{
							"walking" : "!query.is_in_water && query.is_on_ground"
						}
					]
				},
				"walking" : {
					"animations" : [ "ground_move", "look_at_target" ],
					"transitions" : [
						{
							"swimming" : "query.is_in_water && !query.is_on_ground"
						}
					]
				}
			}
		}
	}
}
