{
	"format_version" : "1.10.0",
	"animation_controllers" : {
		"controller.animation.vex.idle" : {
			"initial_state" : "default",
			"states" : {
				"default" : {
					"animations" : [ "vex_idle" ]
				}
			}
		},
		"controller.animation.vex.charge" : {
			"initial_state" : "default",
			"states" : {
				"default" : {
					"transitions" : [ 
						{
							"charging" : "query.is_charging"
						}
					]
				},
				"charging" : {
					"animations" : [ "vex_charge" ],
					"transitions" : [
						{
							"default" : "!query.is_charging"
						}
					]
				}
			}
		}
	}
}
